DistributionChannel,UserLanguage,Condition,PID,CCR_int_1_1,CCR_int_1_2,CCR_int_1_3,CCR_int_1_4,CCR_int_1_5,CCR_int_1_6,CCR_int_1_7,CCR_int_1_8,SSRA_1,SSRA_2,SSRA_3,SSRA_4,SSRA_5,SSRA_6,SSRA_7,SSRA_8,SSRA_9,SSRA_10,SSRA_11,SSRA_12,SSRA_13,SSRA_14,SSRA_15,SSRA_16,SSRA_17,SSRA_18,SSRA_19,SSRA_20,traftonPA_1,traftonPA_2,traftonPA_3,traftonPA_4,traftonPAscenario_1,authenticity_1,authenticity_2,authenticity_3,authenticity_4,CCR_1,CCR_2,CCR_3,CCR_4,CCR_5,CCR_6,CCR_7,CCR_8,competence_warmth_1,competence_warmth_2,competence_warmth_3,competence_warmth_4,competence_warmth_5,competence_warmth_6,competence_warmth_7,competence_warmth_8,competence_warmth_9,competence_warmth_10,competence_warmth_11,competence_warmth_12,enjoyment_1,enjoyment_2,enjoyment_3,party_experience_1,party_experience_2,party_experience_3,behavioral_intention_1,behavioral_intention_2,behavioral_intention_3,trust_1,trust_2,trust_3,ownership,attachment_1,attachment_2,attachment_3,cust_feel,AI_tools,personality_change_1,canvas_width,canvas_height,circle_radius,label_font_size,start_x_1,start_x_2,start_y_1,start_y_2,circle_x_1,circle_x_2,circle_y_1,circle_y_2,label_1,label_2,Age,Gender
anonymous,EN,NAO,1,Neither agree nor disagree,Agree,Somewhat agree,Neither agree nor disagree,Somewhat agree,Strongly agree,Disagree,Strongly agree,Somewhat agree,Strongly agree,Agree,Agree,Agree,Somewhat agree,Neither agree nor disagree,Agree,Agree,Neither agree nor disagree,Neither agree nor disagree,Somewhat agree,Agree,Strongly agree,Strongly agree,Strongly agree,Somewhat agree,Strongly agree,Strongly agree,Agree,Strongly agree,Strongly agree,Strongly agree,Strongly agree,4,Agree,Strongly agree,Strongly agree,Somewhat agree,Neither agree nor disagree,Agree,Somewhat disagree,Strongly agree,Somewhat agree,Somewhat agree,Disagree,Strongly agree,7 | Extremely,7 | Extremely,7 | Extremely,7 | Extremely,7 | Extremely,7 | Extremely,4,4,7 | Extremely,2,4,4,Strongly agree,Strongly agree,Strongly agree,Strongly agree,Agree,Strongly agree,Somewhat disagree,Neither agree nor disagree,Agree,Somewhat disagree,Somewhat disagree,Somewhat agree,A friendly gadget,Somewhat disagree,Agree,Somewhat agree,,I occasionally use AI tools,8,450,450,75,14,150,225,150,225,142,225,111,225,You,Robot,25,Female
anonymous,EN,TURTLE,2,Neither agree nor disagree,Neither agree nor disagree,Strongly agree,Strongly agree,Somewhat agree,Agree,Somewhat agree,Somewhat agree,Strongly disagree,Strongly disagree,Strongly disagree,Disagree,Strongly disagree,Strongly disagree,Somewhat agree,Somewhat agree,Agree,Strongly agree,Somewhat agree,Somewhat agree,Somewhat agree,Strongly agree,Strongly agree,Neither agree nor disagree,Strongly agree,Agree,Somewhat agree,Strongly agree,Strongly agree,Strongly agree,Somewhat agree,Strongly agree,3,Strongly agree,Strongly agree,Strongly agree,Strongly agree,Somewhat disagree,Agree,Somewhat agree,Agree,Somewhat agree,Somewhat agree,Somewhat agree,Neither agree nor disagree,7 | Extremely,7 | Extremely,5,6,6,7 | Extremely,7 | Extremely,4,7 | Extremely,3,5,3,Strongly agree,Strongly agree,Strongly agree,Strongly agree,Strongly agree,Somewhat agree,Neither agree nor disagree,Neither agree nor disagree,Neither agree nor disagree,Neither agree nor disagree,Agree,Somewhat agree,A friendly gadget,Somewhat disagree,Neither agree nor disagree,Somewhat agree,,I frequently use AI tools,4,450,450,75,14,150,225,150,225,150,202,150,283,You,Robot,21,Female
anonymous,EN,TURTLE + Customizable,3,Strongly agree,Strongly agree,Agree,Strongly agree,Strongly agree,Neither agree nor disagree,Strongly agree,Strongly agree,Strongly agree,Strongly disagree,Strongly agree,Disagree,Somewhat agree,Strongly disagree,Neither agree nor disagree,Agree,Agree,Agree,Neither agree nor disagree,Neither agree nor disagree,Strongly agree,Strongly agree,Strongly agree,Agree,Strongly agree,Neither agree nor disagree,Neither agree nor disagree,Neither agree nor disagree,Strongly agree,Strongly agree,Neither agree nor disagree,Strongly agree,1,Agree,Neither agree nor disagree,Strongly agree,Agree,Somewhat agree,Agree,Agree,Strongly agree,Strongly agree,Strongly agree,Strongly agree,Strongly agree,7 | Extremely,7 | Extremely,4,7 | Extremely,7 | Extremely,7 | Extremely,4,4,7 | Extremely,7 | Extremely,4,4,Strongly agree,Agree,Strongly agree,Strongly agree,Strongly agree,Strongly agree,Strongly agree,Strongly agree,Strongly agree,Strongly agree,Neither agree nor disagree,Neither agree nor disagree,A personal assistant,Agree,Somewhat agree,Agree,1,,10,450,450,75,14,150,225,150,225,210,225,213,225,You,Robot,58,Female
anonymous,EN,NAO + Customizable,4,Strongly agree,Strongly agree,Strongly agree,Strongly agree,Strongly agree,Strongly agree,Strongly agree,Strongly agree,Strongly disagree,Strongly disagree,Strongly disagree,Strongly agree,Strongly disagree,Strongly disagree,Strongly agree,Strongly agree,Strongly agree,Disagree,Strongly agree,Somewhat agree,Strongly agree,Strongly agree,Strongly agree,Strongly agree,Strongly agree,Strongly agree,Strongly agree,Strongly disagree,Strongly agree,Strongly agree,Strongly disagree,Strongly agree,7,Strongly agree,Strongly agree,Strongly agree,Strongly agree,Strongly agree,Strongly agree,Strongly agree,Strongly agree,Strongly agree,Strongly agree,Strongly agree,Strongly agree,7 | Extremely,7 | Extremely,7 | Extremely,7 | Extremely,7 | Extremely,7 | Extremely,7 | Extremely,7 | Extremely,7 | Extremely,7 | Extremely,7 | Extremely,7 | Extremely,Strongly agree,Strongly agree,Strongly agree,Strongly agree,Strongly agree,Strongly agree,Strongly agree,Strongly agree,Strongly agree,Strongly agree,Strongly agree,Strongly agree,A personal assistant,Strongly agree,Strongly agree,Strongly agree,1,,0,450,450,75,14,150,225,150,225,223,225,226,225,You,Robot,42,Female
anonymous,EN,NAO,5,Somewhat agree,Agree,Somewhat agree,Strongly agree,Somewhat agree,Agree,Agree,Somewhat agree,Somewhat disagree,Somewhat disagree,Somewhat disagree,Strongly agree,Somewhat agree,Somewhat disagree,Somewhat disagree,Somewhat agree,Somewhat agree,Somewhat agree,Somewhat disagree,Neither agree nor disagree,Somewhat agree,Agree,Agree,Neither agree nor disagree,Agree,Neither agree nor disagree,Agree,Somewhat agree,Agree,Somewhat agree,Somewhat disagree,Neither agree nor disagree,2,Somewhat disagree,Somewhat disagree,Somewhat disagree,Somewhat disagree,Somewhat agree,Agree,Agree,Strongly agree,Agree,Agree,Somewhat agree,Agree,4,6,6,5,6,6,4,4,4,3,5,3,Neither agree nor disagree,Neither agree nor disagree,Somewhat disagree,Neither agree nor disagree,Somewhat agree,Neither agree nor disagree,Strongly disagree,Strongly disagree,Strongly disagree,Strongly disagree,Somewhat disagree,Disagree,A borrowed appliance,Strongly disagree,Strongly disagree,Strongly disagree,,I occasionally use AI tools,5,450,450,75,14,150,225,150,225,150,244,150,259,You,Robot,46,Female
anonymous,EN,TURTLE + Customizable,6,Somewhat disagree,Somewhat agree,Neither agree nor disagree,Strongly agree,Somewhat agree,Agree,Somewhat agree,Agree,Strongly disagree,Strongly disagree,Disagree,Somewhat disagree,Disagree,Strongly disagree,Disagree,Strongly disagree,Agree,Disagree,Strongly disagree,Strongly disagree,Somewhat agree,Agree,Somewhat agree,Somewhat disagree,Somewhat agree,Neither agree nor disagree,Neither agree nor disagree,Somewhat disagree,Agree,Agree,Neither agree nor disagree,Somewhat agree,3,Disagree,Strongly disagree,Strongly disagree,Somewhat agree,Somewhat disagree,Agree,Neither agree nor disagree,Strongly agree,Agree,Somewhat agree,Somewhat agree,Agree,5,4,5,4,6,6,1 | Not at all,1 | Not at all,5,3,2,1 | Not at all,Somewhat agree,Somewhat agree,Agree,Agree,Agree,Agree,Disagree,Somewhat disagree,Somewhat agree,Disagree,Disagree,Somewhat disagree,A personal assistant,Disagree,Somewhat disagree,Strongly disagree,1,,16,450,450,75,14,150,225,150,225,221,222,75,328,You,Robot,21,Male
anonymous,EN,TURTLE + Customizable,7,Agree,Strongly agree,Strongly agree,Strongly agree,Strongly agree,Strongly agree,Somewhat agree,Strongly agree,Strongly disagree,Strongly disagree,Somewhat disagree,Somewhat agree,Strongly disagree,Strongly disagree,Neither agree nor disagree,Strongly disagree,Strongly disagree,Strongly disagree,Strongly agree,Neither agree nor disagree,Strongly disagree,Strongly agree,Strongly agree,Strongly disagree,Strongly agree,Neither agree nor disagree,Strongly disagree,Somewhat disagree,Strongly agree,Strongly agree,Disagree,Disagree,3,Disagree,Strongly disagree,Strongly disagree,Somewhat disagree,Somewhat agree,Strongly agree,Strongly agree,Strongly agree,Somewhat agree,Strongly agree,Somewhat agree,Strongly agree,7 | Extremely,4,5,1 | Not at all,7 | Extremely,1 | Not at all,7 | Extremely,7 | Extremely,2,1 | Not at all,7 | Extremely,1 | Not at all,Agree,Agree,Agree,Agree,Agree,Somewhat agree,Agree,Agree,Agree,Somewhat agree,Agree,Agree,A rented tool,Disagree,Somewhat agree,Disagree,6,,71,450,450,75,14,150,225,150,225,114,208,163,261,You,Robot,28,Female
anonymous,EN,TURTLE + Customizable,8,Agree,Agree,Agree,Agree,Agree,Strongly agree,Strongly agree,Strongly agree,Strongly disagree,Strongly disagree,Strongly disagree,Strongly disagree,Strongly disagree,Strongly disagree,Strongly disagree,Strongly disagree,Agree,Strongly disagree,Agree,Strongly disagree,Agree,Strongly agree,Strongly agree,Somewhat agree,Agree,Neither agree nor disagree,Neither agree nor disagree,Neither agree nor disagree,Agree,Agree,Neither agree nor disagree,Somewhat agree,2,Somewhat disagree,Somewhat disagree,Somewhat disagree,Somewhat agree,Somewhat agree,Agree,Somewhat agree,Somewhat agree,Strongly agree,Strongly agree,Strongly agree,Strongly agree,7 | Extremely,7 | Extremely,6,7 | Extremely,7 | Extremely,7 | Extremely,4,2,4,1 | Not at all,2,1 | Not at all,Agree,Agree,Agree,Strongly agree,Strongly agree,Agree,Strongly disagree,Strongly disagree,Somewhat agree,Somewhat agree,Neither agree nor disagree,Neither agree nor disagree,A friendly gadget,Disagree,Disagree,Somewhat disagree,4,,14,450,450,75,14,150,225,150,225,129,277,235,235,You,Robot,26,Female
anonymous,EN,TURTLE,9,Neither agree nor disagree,Somewhat agree,Somewhat agree,Agree,Somewhat agree,Agree,Agree,Somewhat agree,Somewhat disagree,Somewhat disagree,Somewhat disagree,Agree,Somewhat disagree,Somewhat disagree,Agree,Somewhat agree,Agree,Somewhat agree,Somewhat agree,Somewhat agree,Strongly agree,Agree,Agree,Somewhat agree,Agree,Neither agree nor disagree,Somewhat agree,Agree,Strongly agree,Strongly agree,Neither agree nor disagree,Strongly agree,3,Agree,Somewhat agree,Somewhat agree,Strongly agree,Neither agree nor disagree,Agree,Somewhat agree,Somewhat agree,Agree,Agree,Agree,Agree,6,5,6,6,6,6,5,3,6,5,4,3,Strongly agree,Strongly agree,Agree,Strongly agree,Agree,Strongly agree,Agree,Agree,Agree,Agree,Agree,Agree,A personal assistant,Somewhat agree,Somewhat agree,Agree,,I know of the existence of AI tools but never used before,30,450,450,75,14,150,225,150,225,135,160,225,226,You,Robot,28,Female
anonymous,EN,TURTLE,10,Somewhat agree,Agree,Neither agree nor disagree,Strongly agree,Agree,Strongly agree,Agree,Agree,Strongly disagree,Strongly disagree,Somewhat agree,Disagree,Somewhat agree,Strongly disagree,Strongly disagree,Disagree,Neither agree nor disagree,Disagree,Strongly disagree,Neither agree nor disagree,Disagree,Somewhat agree,Strongly agree,Disagree,Somewhat agree,Neither agree nor disagree,Neither agree nor disagree,Neither agree nor disagree,Neither agree nor disagree,Agree,Neither agree nor disagree,Somewhat agree,4,Somewhat agree,Somewhat agree,Agree,Somewhat agree,Neither agree nor disagree,Somewhat agree,Neither agree nor disagree,Somewhat agree,Somewhat agree,Agree,Agree,Agree,6,5,6,5,6,5,5,4,5,3,4,4,Agree,Agree,Agree,Somewhat agree,Somewhat agree,Agree,Neither agree nor disagree,Neither agree nor disagree,Neither agree nor disagree,Neither agree nor disagree,Somewhat agree,Neither agree nor disagree,A friendly gadget,Somewhat disagree,Somewhat disagree,Somewhat agree,,I occasionally use AI tools,59,450,450,75,14,150,225,150,225,149,290,222,211,You,Robot,32,Female
anonymous,EN,NAO + Customizable,11,Somewhat agree,Strongly agree,Agree,Agree,Somewhat agree,Somewhat agree,Somewhat agree,Agree,Strongly disagree,Somewhat disagree,Strongly disagree,Disagree,Strongly disagree,Disagree,Strongly disagree,Strongly disagree,Disagree,Disagree,Strongly disagree,Strongly disagree,Somewhat disagree,Somewhat agree,Agree,Neither agree nor disagree,Somewhat agree,Disagree,Somewhat disagree,Somewhat agree,Agree,Strongly agree,Somewhat agree,Somewhat agree,3,Somewhat agree,Somewhat agree,Disagree,Agree,Somewhat agree,Strongly agree,Somewhat agree,Agree,Somewhat disagree,Agree,Somewhat disagree,Agree,5,4,5,6,4,7 | Extremely,6,2,5,1 | Not at all,5,4,Agree,Strongly agree,Strongly agree,Agree,Agree,Agree,Disagree,Strongly disagree,Somewhat agree,Somewhat agree,Somewhat agree,Neither agree nor disagree,A friendly gadget,Neither agree nor disagree,Somewhat agree,Somewhat disagree,2,,91,450,450,75,14,150,225,150,225,155,225,129,225,You,Robot,44,Female
anonymous,EN,NAO,12,Strongly agree,Agree,Agree,Strongly agree,Strongly agree,Strongly agree,Strongly agree,Strongly agree,Somewhat agree,Neither agree nor disagree,Agree,Somewhat agree,Agree,Neither agree nor disagree,Agree,Somewhat agree,Strongly agree,Somewhat agree,Neither agree nor disagree,Agree,Somewhat agree,Strongly agree,Strongly agree,Strongly agree,Agree,Agree,Agree,Agree,Strongly agree,Strongly agree,Agree,Agree,6,Strongly agree,Agree,Agree,Agree,Strongly agree,Agree,Agree,Strongly agree,Strongly agree,Strongly agree,Strongly agree,Strongly agree,6,6,7 | Extremely,7 | Extremely,7 | Extremely,7 | Extremely,4,6,4,6,4,4,Strongly agree,Strongly agree,Strongly agree,Strongly agree,Agree,Strongly agree,Agree,Agree,Agree,Agree,Agree,Somewhat agree,A personal assistant,Somewhat agree,Agree,Somewhat agree,,I frequently use AI tools,9,450,450,75,14,150,225,150,225,174,225,215,225,You,Robot,70,Male
anonymous,EN,NAO,13,Strongly agree,Strongly agree,Strongly agree,Strongly agree,Strongly agree,Strongly agree,Strongly agree,Strongly agree,Agree,Strongly agree,Strongly agree,Agree,Strongly agree,Agree,Strongly agree,Strongly agree,Strongly agree,Strongly agree,Agree,Agree,Strongly agree,Strongly agree,Strongly agree,Strongly agree,Strongly agree,Strongly agree,Strongly agree,Strongly agree,Strongly agree,Strongly agree,Strongly agree,Strongly agree,7,Strongly agree,Strongly agree,Strongly agree,Strongly agree,Strongly agree,Strongly agree,Strongly agree,Strongly agree,Strongly agree,Strongly agree,Strongly agree,Strongly agree,7 | Extremely,7 | Extremely,7 | Extremely,7 | Extremely,7 | Extremely,7 | Extremely,7 | Extremely,7 | Extremely,7 | Extremely,6,7 | Extremely,7 | Extremely,Strongly agree,Strongly agree,Strongly agree,Strongly agree,Strongly agree,Strongly agree,Strongly agree,Strongly agree,Strongly agree,Strongly agree,Strongly agree,Strongly agree,A personal assistant,Strongly agree,Strongly agree,Agree,,I occasionally use AI tools,0,450,450,75,14,150,225,150,225,226,225,224,225,You,Robot,57,Female
anonymous,EN,NAO + Customizable,14,Strongly agree,Agree,Agree,Strongly agree,Strongly agree,Strongly agree,Somewhat agree,Strongly agree,Agree,Strongly agree,Somewhat agree,Strongly agree,Disagree,Somewhat disagree,Disagree,Disagree,Somewhat disagree,Neither agree nor disagree,Disagree,Disagree,Somewhat disagree,Agree,Agree,Agree,Agree,Somewhat agree,Somewhat agree,Strongly disagree,Somewhat disagree,Agree,Neither agree nor disagree,Strongly agree,3,Somewhat agree,Agree,Strongly agree,Agree,Strongly agree,Strongly agree,Agree,Agree,Strongly agree,Strongly agree,Somewhat agree,Strongly agree,7 | Extremely,7 | Extremely,7 | Extremely,6,6,7 | Extremely,6,4,7 | Extremely,5,4,3,Strongly agree,Strongly agree,Strongly agree,Strongly agree,Strongly agree,Strongly agree,Strongly agree,Strongly agree,Strongly agree,Somewhat agree,Neither agree nor disagree,Neither agree nor disagree,A personal assistant,Somewhat agree,Agree,Disagree,3,,11,450,450,75,14,150,225,150,225,184,314,225,226,You,Robot,29,Female
anonymous,EN,NAO + Customizable,15,Neither agree nor disagree,Somewhat disagree,Agree,Somewhat agree,Agree,Somewhat agree,Somewhat disagree,Somewhat disagree,Disagree,Disagree,Somewhat agree,Somewhat agree,Somewhat disagree,Disagree,Strongly disagree,Strongly disagree,Strongly disagree,Somewhat agree,Disagree,Somewhat disagree,Somewhat disagree,Agree,Somewhat agree,Somewhat disagree,Somewhat agree,Agree,Somewhat agree,Neither agree nor disagree,Agree,Somewhat agree,Agree,Somewhat agree,4,Disagree,Disagree,Somewhat disagree,Neither agree nor disagree,Agree,Strongly agree,Somewhat agree,Somewhat agree,Somewhat disagree,Agree,Somewhat disagree,Agree,5,6,5,5,7 | Extremely,6,3,2,3,2,4,4,Somewhat agree,Somewhat agree,Somewhat agree,Somewhat agree,Somewhat agree,Somewhat agree,Somewhat agree,Neither agree nor disagree,Neither agree nor disagree,Somewhat agree,Neither agree nor disagree,Neither agree nor disagree,A friendly gadget,Disagree,Somewhat disagree,Somewhat disagree,1,,64,450,450,75,14,150,225,150,225,148,225,126,225,You,Robot,31,Female
anonymous,EN,NAO + Customizable,16,Somewhat agree,Agree,Somewhat agree,Strongly agree,Somewhat agree,Agree,Agree,Agree,Somewhat agree,Agree,Agree,Agree,Agree,Neither agree nor disagree,Agree,Somewhat agree,Strongly agree,Somewhat agree,Agree,Agree,Somewhat agree,Agree,Somewhat agree,Agree,Strongly agree,Somewhat agree,Somewhat agree,Agree,Strongly agree,Strongly agree,Somewhat agree,Agree,5,Agree,Somewhat agree,Agree,Strongly agree,Agree,Agree,Somewhat agree,Strongly agree,Agree,Strongly agree,Strongly agree,Agree,6,7 | Extremely,6,7 | Extremely,6,7 | Extremely,6,4,5,5,6,5,Agree,Strongly agree,Agree,Agree,Strongly agree,Agree,Agree,Agree,Agree,Somewhat agree,Agree,Strongly agree,A personal assistant,Somewhat agree,Somewhat agree,Agree,3,,20,450,450,75,14,150,225,150,225,109,225,230,225,You,Robot,23,Male
anonymous,EN,NAO,17,Strongly disagree,Agree,Agree,Strongly agree,Strongly agree,Agree,Agree,Strongly agree,Strongly disagree,Somewhat agree,Disagree,Somewhat agree,Disagree,Disagree,Strongly disagree,Strongly disagree,Disagree,Strongly disagree,Disagree,Strongly disagree,Agree,Agree,Strongly agree,Somewhat agree,Agree,Disagree,Disagree,Disagree,Agree,Strongly agree,Agree,Agree,3,Somewhat agree,Somewhat disagree,Strongly agree,Agree,Disagree,Agree,Neither agree nor disagree,Strongly agree,Agree,Strongly agree,Agree,Strongly agree,7 | Extremely,7 | Extremely,7 | Extremely,6,7 | Extremely,7 | Extremely,7 | Extremely,1 | Not at all,6,2,3,1 | Not at all,Agree,Strongly agree,Agree,Strongly agree,Somewhat agree,Strongly agree,Agree,Agree,Agree,Agree,Agree,Strongly agree,A personal assistant,Disagree,Somewhat agree,Disagree,,I frequently use AI tools,60,450,450,75,14,150,225,150,225,159,225,169,225,You,Robot,20,Female
anonymous,EN,NAO,18,Somewhat agree,Strongly agree,Strongly agree,Strongly agree,Strongly agree,Agree,Agree,Agree,Disagree,Disagree,Disagree,Somewhat disagree,Somewhat disagree,Neither agree nor disagree,Neither agree nor disagree,Agree,Strongly agree,Somewhat agree,Somewhat agree,Somewhat agree,Neither agree nor disagree,Agree,Agree,Neither agree nor disagree,Agree,Somewhat agree,Neither agree nor disagree,Neither agree nor disagree,Strongly agree,Strongly agree,Neither agree nor disagree,Somewhat agree,5,Somewhat agree,Strongly agree,Strongly agree,Agree,Neither agree nor disagree,Agree,Agree,Strongly agree,Somewhat disagree,Agree,Agree,Agree,6,7 | Extremely,6,6,5,7 | Extremely,5,3,7 | Extremely,4,6,4,Strongly agree,Agree,Strongly agree,Strongly agree,Strongly agree,Agree,Somewhat disagree,Agree,Somewhat agree,Somewhat agree,Somewhat agree,Agree,A member of the household,Neither agree nor disagree,Somewhat agree,Agree,,I frequently use AI tools,62,450,450,75,14,150,225,150,225,246,225,177,225,You,Robot,36,Male
anonymous,EN,NAO,19,Strongly agree,Strongly agree,Agree,Strongly agree,Strongly agree,Strongly agree,Strongly agree,Strongly agree,Somewhat agree,Strongly agree,Strongly agree,Agree,Strongly agree,Agree,Agree,Agree,Agree,Strongly agree,Strongly agree,Agree,Strongly agree,Strongly agree,Strongly agree,Strongly agree,Strongly agree,Strongly agree,Strongly agree,Strongly agree,Strongly agree,Strongly agree,Strongly agree,Strongly agree,6,Strongly agree,Strongly agree,Strongly agree,Agree,Strongly agree,Strongly agree,Agree,Strongly agree,Strongly agree,Strongly agree,Strongly agree,Strongly agree,7 | Extremely,7 | Extremely,7 | Extremely,7 | Extremely,7 | Extremely,7 | Extremely,7 | Extremely,6,7 | Extremely,7 | Extremely,7 | Extremely,6,Strongly agree,Strongly agree,Strongly agree,Strongly agree,Strongly agree,Strongly agree,Agree,Somewhat agree,Agree,Agree,Agree,Agree,A personal assistant,Somewhat disagree,Somewhat agree,Disagree,,I experiment with different AI tools and rely on different tools for different use cases,19,450,450,75,14,150,225,150,225,217,225,213,225,You,Robot,32,Female
anonymous,EN,TURTLE,20,Neither agree nor disagree,Agree,Somewhat agree,Somewhat agree,Agree,Agree,Neither agree nor disagree,Agree,Strongly disagree,Strongly disagree,Strongly disagree,Disagree,Strongly disagree,Strongly disagree,Somewhat disagree,Somewhat agree,Agree,Agree,Somewhat agree,Neither agree nor disagree,Strongly agree,Strongly agree,Strongly agree,Strongly agree,Strongly agree,Agree,Strongly agree,Strongly agree,Strongly agree,Strongly agree,Agree,Agree,4,Agree,Agree,Strongly agree,Agree,Agree,Agree,Agree,Agree,Agree,Agree,Somewhat agree,Agree,7 | Extremely,7 | Extremely,7 | Extremely,7 | Extremely,7 | Extremely,7 | Extremely,1 | Not at all,4,4,3,3,3,Agree,Agree,Neither agree nor disagree,Agree,Agree,Agree,Agree,Agree,Agree,Neither agree nor disagree,Neither agree nor disagree,Neither agree nor disagree,A personal assistant,Neither agree nor disagree,Agree,Somewhat agree,,I occasionally use AI tools,0,450,450,75,14,150,225,150,225,220,216,333,135,You,Robot,30,Female
anonymous,EN,TURTLE + Customizable,21,Agree,Somewhat agree,Strongly agree,Strongly agree,Somewhat agree,Agree,Neither agree nor disagree,Agree,Strongly disagree,Strongly disagree,Strongly disagree,Strongly disagree,Strongly disagree,Strongly disagree,Disagree,Neither agree nor disagree,Somewhat disagree,Somewhat disagree,Neither agree nor disagree,Strongly disagree,Somewhat agree,Somewhat disagree,Agree,Neither agree nor disagree,Neither agree nor disagree,Somewhat agree,Agree,Somewhat agree,Somewhat agree,Somewhat agree,Somewhat agree,Somewhat disagree,1,Disagree,Somewhat disagree,Somewhat agree,Somewhat agree,Agree,Agree,Somewhat agree,Agree,Somewhat agree,Agree,Somewhat agree,Agree,6,5,6,5,4,7 | Extremely,6,5,5,4,4,1 | Not at all,Agree,Agree,Somewhat agree,Agree,Agree,Agree,Somewhat agree,Agree,Agree,Strongly disagree,Neither agree nor disagree,Somewhat agree,A friendly gadget,Somewhat agree,Neither agree nor disagree,Somewhat disagree,4,,62,450,450,75,14,150,225,150,225,222,225,171,225,You,Robot,50,Male
anonymous,EN,TURTLE,22,Somewhat agree,Somewhat agree,Disagree,Neither agree nor disagree,Somewhat agree,Agree,Somewhat disagree,Agree,Disagree,Disagree,Somewhat disagree,Disagree,Disagree,Disagree,Disagree,Neither agree nor disagree,Somewhat agree,Somewhat agree,Somewhat disagree,Strongly disagree,Somewhat disagree,Somewhat agree,Strongly agree,Somewhat agree,Somewhat agree,Disagree,Somewhat disagree,Somewhat agree,Somewhat agree,Somewhat agree,Strongly agree,Agree,1,Somewhat disagree,Somewhat agree,Agree,Somewhat agree,Neither agree nor disagree,Agree,Disagree,Somewhat disagree,Somewhat agree,Agree,Somewhat disagree,Agree,5,4,6,5,5,5,2,3,4,1 | Not at all,2,2,Agree,Somewhat disagree,Neither agree nor disagree,Somewhat agree,Agree,Agree,Disagree,Disagree,Neither agree nor disagree,Somewhat disagree,Disagree,Strongly disagree,A friendly gadget,Strongly disagree,Disagree,Disagree,,I occasionally use AI tools,29,450,450,75,14,150,225,150,225,122,225,111,225,You,Robot,23,Female
anonymous,EN,TURTLE + Customizable,23,Agree,Strongly agree,Neither agree nor disagree,Strongly agree,Somewhat agree,Strongly agree,Strongly agree,Strongly agree,Disagree,Somewhat disagree,Somewhat agree,Somewhat agree,Somewhat agree,Disagree,Disagree,Disagree,Somewhat disagree,Disagree,Neither agree nor disagree,Strongly disagree,Agree,Strongly agree,Strongly agree,Somewhat disagree,Strongly agree,Somewhat agree,Agree,Neither agree nor disagree,Agree,Strongly agree,Agree,Strongly agree,4,Agree,Neither agree nor disagree,Strongly agree,Strongly agree,Agree,Strongly agree,Somewhat agree,Strongly agree,Strongly agree,Strongly agree,Strongly agree,Strongly agree,7 | Extremely,7 | Extremely,7 | Extremely,7 | Extremely,7 | Extremely,7 | Extremely,6,4,6,5,4,3,Strongly agree,Strongly agree,Strongly agree,Strongly agree,Strongly agree,Strongly agree,Neither agree nor disagree,Neither agree nor disagree,Strongly agree,Agree,Somewhat agree,Agree,A helpful pet,Somewhat agree,Somewhat agree,Agree,,I occasionally use AI tools,25,450,450,75,14,150,225,150,225,150,218,150,220,You,Robot,22,Female
anonymous,EN,TURTLE + Customizable,24,Agree,Agree,Agree,Agree,Somewhat agree,Agree,Agree,Agree,Strongly disagree,Strongly disagree,Strongly disagree,Strongly disagree,Somewhat agree,Strongly disagree,Strongly disagree,Neither agree nor disagree,Somewhat disagree,Disagree,Disagree,Strongly disagree,Somewhat disagree,Agree,Agree,Somewhat disagree,Agree,Disagree,Disagree,Strongly disagree,Strongly disagree,Agree,Disagree,Somewhat agree,1,Disagree,Disagree,Agree,Agree,Agree,Strongly agree,Somewhat disagree,Strongly agree,Disagree,Agree,Somewhat disagree,Somewhat agree,5,5,6,6,6,6,4,4,4,1 | Not at all,4,2,Strongly agree,Strongly agree,Strongly agree,Strongly agree,Agree,Strongly agree,Agree,Agree,Strongly agree,Neither agree nor disagree,Neither agree nor disagree,Disagree,A friendly gadget,Somewhat agree,Agree,Somewhat agree,1,,10,450,450,75,14,150,225,150,225,107,225,219,225,You,Robot,21,Female
anonymous,EN,TURTLE + Customizable,25,Agree,Agree,Somewhat agree,Strongly agree,Agree,Strongly agree,Somewhat agree,Agree,Strongly disagree,Strongly disagree,Strongly disagree,Neither agree nor disagree,Strongly disagree,Strongly disagree,Strongly disagree,Disagree,Agree,Strongly disagree,Disagree,Disagree,Somewhat agree,Strongly agree,Strongly agree,Somewhat agree,Strongly agree,Somewhat agree,Agree,Disagree,Agree,Strongly agree,Strongly agree,Agree,6,Somewhat disagree,Somewhat disagree,Somewhat agree,Somewhat agree,Agree,Agree,Somewhat agree,Strongly agree,Agree,Strongly agree,Agree,Strongly agree,6,5,7 | Extremely,6,7 | Extremely,7 | Extremely,7 | Extremely,5,7 | Extremely,3,6,2,Somewhat agree,Neither agree nor disagree,Somewhat agree,Strongly agree,Strongly agree,Agree,Agree,Agree,Agree,Neither agree nor disagree,Somewhat agree,Disagree,A friendly gadget,Somewhat agree,Agree,Neither agree nor disagree,3,,50,450,450,75,14,150,225,150,225,139,240,236,234,You,Robot,40,Female
anonymous,EN,TURTLE,26,Strongly disagree,Neither agree nor disagree,Strongly disagree,Neither agree nor disagree,Strongly disagree,Disagree,Disagree,Somewhat agree,Strongly disagree,Strongly disagree,Strongly disagree,Strongly disagree,Strongly disagree,Strongly disagree,Neither agree nor disagree,Neither agree nor disagree,Somewhat agree,Strongly agree,Neither agree nor disagree,Disagree,Neither agree nor disagree,Agree,Neither agree nor disagree,Somewhat disagree,Agree,Somewhat disagree,Somewhat agree,Somewhat agree,Agree,Somewhat agree,Somewhat agree,Somewhat agree,2,Neither agree nor disagree,Neither agree nor disagree,Neither agree nor disagree,Neither agree nor disagree,Strongly disagree,Somewhat disagree,Strongly disagree,Neither agree nor disagree,Strongly disagree,Strongly disagree,Strongly disagree,Strongly disagree,2,4,2,2,2,2,4,1 | Not at all,1 | Not at all,1 | Not at all,1 | Not at all,1 | Not at all,Somewhat disagree,Strongly disagree,Somewhat disagree,Somewhat agree,Strongly agree,Somewhat agree,Strongly disagree,Strongly disagree,Disagree,Neither agree nor disagree,Neither agree nor disagree,Neither agree nor disagree,A friendly gadget,Strongly disagree,Strongly disagree,Strongly disagree,,I occasionally use AI tools,30,450,450,75,14,150,225,150,225,227,228,83,222,You,Robot,20,Male
anonymous,EN,TURTLE,27,Somewhat agree,Somewhat agree,Neither agree nor disagree,Agree,Somewhat agree,Somewhat agree,Somewhat agree,Neither agree nor disagree,Strongly disagree,Strongly disagree,Strongly disagree,Strongly disagree,Strongly disagree,Strongly disagree,Agree,Somewhat agree,Agree,Strongly agree,Somewhat agree,Somewhat disagree,Somewhat agree,Strongly agree,Strongly agree,Somewhat agree,Somewhat agree,Agree,Somewhat agree,Agree,Strongly agree,Strongly agree,Somewhat agree,Strongly agree,2,Strongly agree,Agree,Strongly agree,Agree,Somewhat agree,Agree,Neither agree nor disagree,Agree,Somewhat agree,Somewhat agree,Somewhat agree,Somewhat disagree,4,2,6,4,6,6,6,2,7 | Extremely,2,4,2,Agree,Strongly agree,Agree,Somewhat agree,Somewhat agree,Agree,Agree,Somewhat agree,Agree,Somewhat agree,Somewhat agree,Somewhat disagree,A personal assistant,Somewhat disagree,Somewhat agree,Agree,,I experiment with different AI tools and rely on different tools for different use cases,76,450,450,75,14,150,225,150,225,150,230,150,198,You,Robot,40,Female
anonymous,EN,TURTLE,28,Disagree,Agree,Somewhat disagree,Strongly agree,Strongly agree,Somewhat disagree,Agree,Strongly agree,Somewhat agree,Strongly disagree,Neither agree nor disagree,Agree,Agree,Somewhat disagree,Neither agree nor disagree,Disagree,Somewhat agree,Neither agree nor disagree,Neither agree nor disagree,Strongly agree,Strongly agree,Strongly agree,Somewhat agree,Somewhat agree,Somewhat agree,Neither agree nor disagree,Neither agree nor disagree,Neither agree nor disagree,Agree,Strongly agree,Neither agree nor disagree,Somewhat agree,5,Agree,Agree,Neither agree nor disagree,Strongly agree,Somewhat agree,Strongly agree,Somewhat disagree,Strongly agree,Agree,Agree,Somewhat agree,Strongly agree,7 | Extremely,7 | Extremely,5,7 | Extremely,7 | Extremely,7 | Extremely,5,3,2,5,2,2,Strongly agree,Strongly agree,Strongly agree,Somewhat agree,Agree,Strongly agree,Neither agree nor disagree,Neither agree nor disagree,Agree,Strongly agree,Neither agree nor disagree,Somewhat agree,A personal assistant,Disagree,Neither agree nor disagree,Agree,,I know of the existence of AI tools but never used before,19,450,450,75,14,150,225,150,225,150,268,226,224,You,Robot,18,Other
anonymous,EN,TURTLE,29,Somewhat agree,Strongly agree,Neither agree nor disagree,Strongly agree,Agree,Strongly agree,Strongly agree,Strongly agree,Strongly disagree,Strongly disagree,Strongly disagree,Somewhat agree,Strongly disagree,Strongly disagree,Strongly disagree,Disagree,Disagree,Disagree,Strongly disagree,Strongly disagree,Strongly disagree,Strongly agree,Somewhat agree,Agree,Somewhat agree,Disagree,Disagree,Disagree,Somewhat agree,Strongly agree,Somewhat agree,Somewhat agree,2,Neither agree nor disagree,Somewhat agree,Agree,Somewhat agree,Neither agree nor disagree,Agree,Somewhat disagree,Strongly agree,Agree,Agree,Neither agree nor disagree,Strongly agree,6,7 | Extremely,7 | Extremely,6,6,6,6,1 | Not at all,7 | Extremely,6,6,1 | Not at all,Agree,Agree,Agree,Agree,Strongly agree,Strongly agree,Strongly disagree,Somewhat disagree,Somewhat agree,Strongly disagree,Somewhat agree,Neither agree nor disagree,A friendly gadget,Neither agree nor disagree,Strongly disagree,Disagree,,I occasionally use AI tools,4,450,450,75,14,150,225,150,225,150,221,150,274,You,Robot,25,Female
anonymous,EN,TURTLE,30,Somewhat agree,Somewhat agree,Neither agree nor disagree,Agree,Agree,Agree,Somewhat agree,Agree,Strongly disagree,Strongly disagree,Agree,Neither agree nor disagree,Somewhat agree,Strongly disagree,Strongly disagree,Strongly disagree,Agree,Agree,Somewhat disagree,Strongly disagree,Somewhat agree,Strongly agree,Strongly agree,Agree,Somewhat agree,Neither agree nor disagree,Agree,Somewhat disagree,Agree,Strongly agree,Neither agree nor disagree,Somewhat agree,1,Neither agree nor disagree,Somewhat disagree,Somewhat disagree,Neither agree nor disagree,Somewhat agree,Agree,Neither agree nor disagree,Agree,Agree,Agree,Neither agree nor disagree,Agree,4,2,6,4,4,5,5,3,6,5,3,4,Agree,Agree,Agree,Neither agree nor disagree,Somewhat disagree,Neither agree nor disagree,Neither agree nor disagree,Neither agree nor disagree,Neither agree nor disagree,Somewhat disagree,Somewhat agree,Neither agree nor disagree,A personal assistant,Somewhat agree,Somewhat agree,Neither agree nor disagree,,I experiment with different AI tools and rely on different tools for different use cases,0,450,450,75,14,150,225,150,225,150,301,150,151,You,Robot,27,Male
anonymous,EN,NAO,31,Somewhat agree,Strongly agree,Somewhat agree,Agree,Somewhat agree,Agree,Somewhat disagree,Strongly agree,Strongly disagree,Neither agree nor disagree,Neither agree nor disagree,Somewhat disagree,Neither agree nor disagree,Neither agree nor disagree,Strongly disagree,Neither agree nor disagree,Neither agree nor disagree,Strongly disagree,Neither agree nor disagree,Neither agree nor disagree,Disagree,Strongly agree,Neither agree nor disagree,Agree,Somewhat agree,Neither agree nor disagree,Neither agree nor disagree,Somewhat agree,Strongly disagree,Strongly agree,Strongly agree,Strongly agree,3,Neither agree nor disagree,Neither agree nor disagree,Somewhat agree,Neither agree nor disagree,Strongly agree,Neither agree nor disagree,Neither agree nor disagree,Neither agree nor disagree,Strongly agree,Strongly agree,Disagree,Strongly agree,4,7 | Extremely,7 | Extremely,7 | Extremely,7 | Extremely,7 | Extremely,7 | Extremely,4,7 | Extremely,4,1 | Not at all,1 | Not at all,Somewhat agree,Somewhat agree,Somewhat agree,Somewhat agree,Somewhat agree,Somewhat agree,Neither agree nor disagree,Neither agree nor disagree,Neither agree nor disagree,Strongly agree,Strongly disagree,Strongly disagree,A friendly gadget,Strongly agree,Somewhat agree,Somewhat agree,,I occasionally use AI tools,50,450,450,75,14,150,225,150,225,124,274,241,243,You,Robot,44,Male
anonymous,EN,NAO,32,Somewhat disagree,Somewhat agree,Somewhat disagree,Strongly agree,Somewhat agree,Neither agree nor disagree,Somewhat disagree,Somewhat agree,Strongly disagree,Strongly disagree,Strongly disagree,Somewhat disagree,Disagree,Strongly disagree,Strongly disagree,Strongly disagree,Somewhat disagree,Strongly disagree,Strongly disagree,Strongly disagree,Disagree,Strongly disagree,Somewhat agree,Disagree,Somewhat disagree,Strongly disagree,Disagree,Strongly disagree,Strongly disagree,Agree,Somewhat disagree,Somewhat agree,2,Disagree,Disagree,Somewhat disagree,Neither agree nor disagree,Disagree,Neither agree nor disagree,Somewhat disagree,Strongly agree,Somewhat agree,Somewhat agree,Somewhat disagree,Agree,7 | Extremely,6,5,6,1 | Not at all,7 | Extremely,1 | Not at all,1 | Not at all,3,1 | Not at all,1 | Not at all,1 | Not at all,Somewhat agree,Somewhat agree,Neither agree nor disagree,Somewhat agree,Strongly agree,Somewhat agree,Disagree,Strongly disagree,Disagree,Disagree,Somewhat disagree,Disagree,A friendly gadget,Strongly disagree,Strongly disagree,Disagree,,I occasionally use AI tools,30,450,450,75,14,150,225,150,225,85,225,234,225,You,Robot,26,Other
anonymous,EN,NAO,33,Strongly agree,Strongly agree,Strongly agree,Strongly agree,Strongly agree,Strongly agree,Strongly agree,Strongly agree,Disagree,Somewhat agree,Strongly disagree,Neither agree nor disagree,Strongly disagree,Disagree,Strongly disagree,Strongly disagree,Strongly disagree,Disagree,Strongly disagree,Strongly disagree,Neither agree nor disagree,Neither agree nor disagree,Somewhat agree,Somewhat agree,Somewhat agree,Neither agree nor disagree,Strongly disagree,Neither agree nor disagree,Agree,Somewhat agree,Somewhat agree,Agree,4,Somewhat agree,Somewhat disagree,Agree,Agree,Agree,Strongly agree,Agree,Strongly agree,Agree,Strongly agree,Agree,Strongly agree,6,6,6,6,6,6,5,5,6,6,5,5,Agree,Agree,Agree,Agree,Agree,Agree,Agree,Agree,Agree,Agree,Somewhat agree,Agree,A personal assistant,Neither agree nor disagree,Somewhat disagree,Somewhat disagree,,I occasionally use AI tools,0,450,450,75,14,150,225,150,225,155,225,158,225,You,Robot,29,Male
anonymous,EN,NAO,34,Somewhat agree,Somewhat agree,Somewhat agree,Somewhat agree,Somewhat agree,Somewhat agree,Somewhat agree,Agree,Strongly disagree,Strongly disagree,Strongly disagree,Strongly disagree,Somewhat agree,Strongly disagree,Strongly disagree,Strongly disagree,Somewhat agree,Disagree,Strongly disagree,Strongly disagree,Strongly disagree,Somewhat agree,Somewhat agree,Disagree,Disagree,Disagree,Strongly disagree,Strongly disagree,Somewhat agree,Somewhat agree,Neither agree nor disagree,Neither agree nor disagree,1,Somewhat agree,Strongly disagree,Strongly disagree,Agree,Somewhat agree,Somewhat agree,Somewhat agree,Somewhat agree,Somewhat agree,Somewhat agree,Somewhat agree,Somewhat agree,5,5,5,5,5,5,5,4,4,5,3,2,Somewhat agree,Somewhat disagree,Somewhat agree,Disagree,Strongly disagree,Somewhat agree,Somewhat disagree,Strongly disagree,Somewhat agree,Somewhat agree,Disagree,Somewhat agree,A friendly gadget,Strongly disagree,Disagree,Strongly disagree,,I frequently use AI tools,0,450,450,75,14,150,225,150,225,224,225,75,225,You,Robot,40,Female
anonymous,EN,NAO,35,Somewhat agree,Strongly agree,Somewhat agree,Agree,Strongly agree,Somewhat agree,Strongly agree,Strongly agree,Somewhat agree,Somewhat agree,Somewhat agree,Agree,Neither agree nor disagree,Somewhat agree,Somewhat disagree,Somewhat disagree,Somewhat disagree,Somewhat disagree,Somewhat agree,Disagree,Neither agree nor disagree,Strongly agree,Strongly agree,Neither agree nor disagree,Strongly agree,Somewhat disagree,Neither agree nor disagree,Somewhat disagree,Strongly agree,Strongly agree,Neither agree nor disagree,Strongly agree,5,Strongly agree,Strongly agree,Strongly agree,Strongly agree,Agree,Strongly agree,Neither agree nor disagree,Strongly agree,Strongly agree,Strongly agree,Strongly agree,Strongly agree,6,7 | Extremely,7 | Extremely,7 | Extremely,6,7 | Extremely,5,5,3,3,5,3,Strongly agree,Strongly agree,Strongly agree,Strongly agree,Strongly agree,Strongly agree,Agree,Agree,Strongly agree,Agree,Somewhat agree,Agree,A personal assistant,Agree,Strongly agree,Somewhat agree,,I experiment with different AI tools and rely on different tools for different use cases,0,450,450,75,14,150,225,150,225,186,225,213,225,You,Robot,20,Female
anonymous,EN,NAO + Customizable,36,Somewhat agree,Agree,Agree,Agree,Somewhat agree,Strongly agree,Somewhat agree,Strongly agree,Disagree,Somewhat agree,Somewhat disagree,Neither agree nor disagree,Somewhat disagree,Neither agree nor disagree,Strongly disagree,Disagree,Agree,Disagree,Somewhat agree,Neither agree nor disagree,Somewhat disagree,Strongly agree,Strongly agree,Neither agree nor disagree,Neither agree nor disagree,Somewhat agree,Somewhat agree,Somewhat agree,Strongly agree,Strongly agree,Agree,Strongly agree,1,Disagree,Disagree,Agree,Neither agree nor disagree,Somewhat agree,Agree,Somewhat agree,Neither agree nor disagree,Agree,Strongly agree,Somewhat agree,Strongly agree,5,6,5,6,6,7 | Extremely,6,2,5,1 | Not at all,2,2,Agree,Agree,Somewhat agree,Strongly agree,Somewhat agree,Agree,Strongly agree,Agree,Somewhat agree,Agree,Neither agree nor disagree,Neither agree nor disagree,A personal assistant,Neither agree nor disagree,Agree,Somewhat disagree,2,,11,450,450,75,14,150,225,150,225,196,288,187,187,You,Robot,35,Male
anonymous,EN,NAO + Customizable,37,Agree,Agree,Somewhat agree,Strongly agree,Somewhat agree,Agree,Somewhat disagree,Agree,Disagree,Somewhat agree,Strongly disagree,Somewhat disagree,Somewhat agree,Somewhat agree,Strongly disagree,Disagree,Somewhat disagree,Strongly disagree,Agree,Strongly disagree,Strongly disagree,Agree,Agree,Disagree,Strongly agree,Somewhat disagree,Disagree,Somewhat disagree,Agree,Strongly agree,Agree,Agree,1,Somewhat agree,Somewhat agree,Agree,Somewhat agree,Somewhat agree,Agree,Neither agree nor disagree,Agree,Somewhat disagree,Agree,Disagree,Agree,7 | Extremely,6,6,7 | Extremely,6,7 | Extremely,4,1 | Not at all,7 | Extremely,3,5,1 | Not at all,Agree,Agree,Agree,Agree,Agree,Somewhat agree,Strongly disagree,Strongly disagree,Agree,Somewhat agree,Somewhat agree,Neither agree nor disagree,A personal assistant,Strongly disagree,Disagree,Disagree,1,,70,450,450,75,14,150,225,150,225,140,225,153,225,You,Robot,35,Female
anonymous,EN,NAO + Customizable,38,Somewhat agree,Agree,Agree,Somewhat agree,Agree,Agree,Neither agree nor disagree,Somewhat agree,Somewhat disagree,Somewhat agree,Neither agree nor disagree,Disagree,Somewhat agree,Strongly disagree,Strongly disagree,Strongly disagree,Disagree,Strongly disagree,Strongly disagree,Strongly disagree,Disagree,Neither agree nor disagree,Somewhat agree,Strongly disagree,Somewhat agree,Strongly disagree,Strongly disagree,Neither agree nor disagree,Disagree,Somewhat agree,Strongly disagree,Neither agree nor disagree,1,Strongly disagree,Strongly disagree,Strongly disagree,Neither agree nor disagree,Somewhat disagree,Neither agree nor disagree,Neither agree nor disagree,Somewhat disagree,Disagree,Strongly disagree,Strongly disagree,Somewhat agree,3,5,3,5,5,4,2,3,2,2,3,4,Disagree,Disagree,Strongly disagree,Neither agree nor disagree,Somewhat disagree,Neither agree nor disagree,Disagree,Disagree,Strongly disagree,Disagree,Somewhat disagree,Somewhat disagree,A friendly gadget,Disagree,Strongly disagree,Disagree,3,,93,450,450,75,14,150,225,150,225,112,225,228,225,You,Robot,37,Male
anonymous,EN,NAO + Customizable,39,Neither agree nor disagree,Strongly agree,Agree,Strongly agree,Strongly agree,Agree,Somewhat agree,Strongly agree,Neither agree nor disagree,Strongly agree,Somewhat agree,Somewhat agree,Somewhat agree,Somewhat agree,Strongly disagree,Strongly disagree,Disagree,Strongly disagree,Strongly disagree,Strongly disagree,Somewhat disagree,Strongly agree,Neither agree nor disagree,Neither agree nor disagree,Strongly disagree,Neither agree nor disagree,Strongly disagree,Somewhat disagree,Agree,Strongly agree,Disagree,Strongly agree,3,Somewhat agree,Somewhat disagree,Strongly agree,Strongly agree,Strongly disagree,Neither agree nor disagree,Strongly disagree,Agree,Strongly agree,Somewhat disagree,Agree,Strongly agree,7 | Extremely,7 | Extremely,4,7 | Extremely,7 | Extremely,7 | Extremely,1 | Not at all,1 | Not at all,2,5,1 | Not at all,1 | Not at all,Agree,Somewhat agree,Somewhat agree,Agree,Agree,Strongly agree,Somewhat agree,Agree,Agree,Agree,Somewhat disagree,Agree,A friendly gadget,Agree,Strongly agree,Somewhat agree,2,,100,450,450,75,14,150,225,150,225,146,225,226,225,You,Robot,20,Female
anonymous,EN,NAO + Customizable,40,Agree,Agree,Agree,Strongly agree,Strongly agree,Agree,Somewhat agree,Strongly agree,Somewhat agree,Strongly agree,Agree,Neither agree nor disagree,Strongly agree,Neither agree nor disagree,Disagree,Somewhat disagree,Disagree,Somewhat disagree,Somewhat disagree,Strongly disagree,Somewhat disagree,Somewhat agree,Somewhat agree,Somewhat agree,Neither agree nor disagree,Somewhat agree,Somewhat agree,Agree,Neither agree nor disagree,Somewhat agree,Somewhat disagree,Neither agree nor disagree,1,Disagree,Disagree,Agree,Neither agree nor disagree,Somewhat disagree,Somewhat disagree,Somewhat disagree,Somewhat agree,Neither agree nor disagree,Agree,Disagree,Agree,6,5,5,3,5,6,3,6,4,4,5,6,Somewhat agree,Agree,Somewhat agree,Agree,Strongly agree,Agree,Somewhat agree,Neither agree nor disagree,Agree,Somewhat agree,Somewhat agree,Somewhat agree,A friendly gadget,Somewhat agree,Somewhat agree,Somewhat agree,6,,32,450,450,75,14,150,225,150,225,293,225,229,225,You,Robot,26,Female
anonymous,EN,NAO,41,Agree,Agree,Agree,Strongly agree,Agree,Agree,Somewhat agree,Strongly agree,Neither agree nor disagree,Somewhat agree,Somewhat agree,Agree,Agree,Somewhat agree,Somewhat agree,Somewhat disagree,Somewhat agree,Disagree,Somewhat agree,Agree,Somewhat disagree,Strongly agree,Strongly agree,Agree,Strongly agree,Agree,Somewhat agree,Agree,Strongly agree,Strongly agree,Somewhat agree,Agree,5,Agree,Somewhat agree,Agree,Agree,Agree,Strongly agree,Agree,Strongly agree,Agree,Agree,Somewhat agree,Agree,7 | Extremely,6,7 | Extremely,7 | Extremely,7 | Extremely,7 | Extremely,7 | Extremely,6,7 | Extremely,5,7 | Extremely,6,Strongly agree,Strongly agree,Strongly agree,Strongly agree,Strongly agree,Strongly agree,Agree,Agree,Strongly agree,Agree,Strongly agree,Agree,A friendly gadget,Agree,Agree,Somewhat agree,,I occasionally use AI tools,40,450,450,75,14,150,225,150,225,191,225,209,225,You,Robot,29,Female
anonymous,EN,NAO + Customizable,42,Somewhat agree,Agree,Neither agree nor disagree,Agree,Neither agree nor disagree,Agree,Somewhat agree,Agree,Somewhat disagree,Strongly agree,Somewhat agree,Agree,Agree,Neither agree nor disagree,Strongly disagree,Disagree,Strongly disagree,Strongly disagree,Strongly disagree,Strongly disagree,Disagree,Strongly disagree,Somewhat agree,Somewhat disagree,Strongly disagree,Disagree,Disagree,Somewhat disagree,Disagree,Somewhat disagree,Strongly disagree,Strongly disagree,1,Strongly disagree,Strongly disagree,Disagree,Neither agree nor disagree,Agree,Agree,Agree,Agree,Agree,Agree,Agree,Agree,6,5,5,5,6,5,6,4,4,1 | Not at all,4,2,Somewhat agree,Somewhat disagree,Somewhat agree,Disagree,Strongly disagree,Somewhat disagree,Somewhat agree,Disagree,Somewhat agree,Disagree,Somewhat agree,Somewhat agree,A rented tool,Disagree,Neither agree nor disagree,Disagree,5,,40,450,450,75,14,150,225,150,225,129,225,122,225,You,Robot,21,Female
anonymous,EN,TURTLE + Customizable,43,Strongly agree,Strongly agree,Strongly agree,Strongly agree,Strongly agree,Strongly agree,Somewhat agree,Strongly agree,Strongly disagree,Somewhat disagree,Neither agree nor disagree,Agree,Strongly disagree,Neither agree nor disagree,Neither agree nor disagree,Neither agree nor disagree,Agree,Neither agree nor disagree,Neither agree nor disagree,Neither agree nor disagree,Disagree,Strongly agree,Somewhat agree,Agree,Strongly agree,Neither agree nor disagree,Neither agree nor disagree,Somewhat agree,Strongly agree,Strongly agree,Neither agree nor disagree,Strongly agree,7,Neither agree nor disagree,Somewhat disagree,Somewhat agree,Somewhat agree,Somewhat disagree,Somewhat agree,Neither agree nor disagree,Somewhat agree,Agree,Neither agree nor disagree,Somewhat disagree,Strongly agree,5,5,7 | Extremely,7 | Extremely,4,3,2,2,2,6,3,1 | Not at all,Somewhat agree,Agree,Agree,Strongly agree,Agree,Strongly agree,Disagree,Disagree,Agree,Strongly disagree,Neither agree nor disagree,Neither agree nor disagree,A friendly gadget,Agree,Strongly disagree,Neither agree nor disagree,1,,62,450,450,75,14,150,225,150,225,150,253,181,270,You,Robot,24,Other
anonymous,EN,TURTLE + Customizable,44,Somewhat agree,Agree,Somewhat agree,Agree,Somewhat agree,Agree,Neither agree nor disagree,Agree,Strongly disagree,Strongly disagree,Strongly disagree,Disagree,Strongly disagree,Strongly disagree,Strongly disagree,Strongly disagree,Agree,Strongly disagree,Strongly disagree,Strongly disagree,Somewhat disagree,Disagree,Somewhat agree,Disagree,Somewhat disagree,Disagree,Disagree,Strongly disagree,Disagree,Somewhat agree,Disagree,Disagree,4,Disagree,Somewhat disagree,Disagree,Somewhat disagree,Disagree,Somewhat disagree,Disagree,Neither agree nor disagree,Somewhat disagree,Somewhat disagree,Disagree,Somewhat agree,4,5,4,5,4,4,2,2,2,2,2,2,Somewhat agree,Somewhat agree,Somewhat agree,Neither agree nor disagree,Somewhat agree,Somewhat agree,Neither agree nor disagree,Neither agree nor disagree,Neither agree nor disagree,Somewhat disagree,Strongly disagree,Strongly disagree,A borrowed appliance,Strongly disagree,Somewhat disagree,Strongly disagree,5,,90,450,450,75,14,150,225,150,225,146,203,129,226,You,Robot,47,Male
anonymous,EN,TURTLE,45,Somewhat agree,Neither agree nor disagree,Somewhat disagree,Agree,Somewhat agree,Agree,Neither agree nor disagree,Agree,Strongly disagree,Disagree,Disagree,Neither agree nor disagree,Somewhat agree,Disagree,Strongly disagree,Disagree,Neither agree nor disagree,Somewhat disagree,Somewhat agree,Strongly disagree,Somewhat agree,Somewhat agree,Agree,Somewhat agree,Neither agree nor disagree,Somewhat disagree,Neither agree nor disagree,Disagree,Agree,Somewhat agree,Neither agree nor disagree,Somewhat agree,2,Strongly disagree,Disagree,Neither agree nor disagree,Somewhat agree,Neither agree nor disagree,Somewhat agree,Disagree,Somewhat agree,Somewhat agree,Somewhat agree,Somewhat disagree,Agree,5,4,5,5,5,5,5,2,5,4,2,2,Somewhat agree,Neither agree nor disagree,Disagree,Somewhat agree,Somewhat agree,Somewhat agree,Somewhat agree,Somewhat disagree,Somewhat agree,Neither agree nor disagree,Neither agree nor disagree,Neither agree nor disagree,A personal assistant,Somewhat disagree,Somewhat agree,Disagree,,I occasionally use AI tools,55,450,450,75,14,150,225,150,225,150,237,150,258,You,Robot,60,Male
anonymous,EN,TURTLE + Customizable,46,Agree,Strongly agree,Strongly agree,Agree,Strongly agree,Agree,Somewhat agree,Strongly agree,Strongly disagree,Strongly disagree,Strongly disagree,Strongly disagree,Disagree,Strongly disagree,Strongly disagree,Strongly disagree,Neither agree nor disagree,Strongly disagree,Strongly disagree,Strongly disagree,Disagree,Agree,Strongly agree,Somewhat agree,Strongly agree,Somewhat agree,Somewhat agree,Somewhat agree,Agree,Agree,Agree,Neither agree nor disagree,1,Neither agree nor disagree,Neither agree nor disagree,Somewhat agree,Neither agree nor disagree,Neither agree nor disagree,Strongly agree,Somewhat agree,Neither agree nor disagree,Neither agree nor disagree,Somewhat agree,Somewhat disagree,Somewhat agree,5,2,6,5,6,6,5,4,5,5,5,5,Somewhat agree,Strongly agree,Agree,Agree,Agree,Agree,Neither agree nor disagree,Neither agree nor disagree,Neither agree nor disagree,Neither agree nor disagree,Neither agree nor disagree,Neither agree nor disagree,A friendly gadget,Disagree,Strongly disagree,Strongly disagree,4,,29,450,450,75,14,150,225,150,225,344,225,229,225,You,Robot,45,Male
anonymous,EN,TURTLE,47,Neither agree nor disagree,Neither agree nor disagree,Neither agree nor disagree,Agree,Somewhat agree,Somewhat agree,Somewhat agree,Somewhat disagree,Strongly disagree,Strongly disagree,Strongly disagree,Disagree,Strongly disagree,Strongly disagree,Strongly disagree,Somewhat disagree,Strongly disagree,Strongly disagree,Neither agree nor disagree,Strongly disagree,Somewhat disagree,Agree,Agree,Somewhat agree,Agree,Disagree,Disagree,Strongly disagree,Agree,Agree,Neither agree nor disagree,Agree,3,Disagree,Disagree,Somewhat disagree,Somewhat agree,Somewhat disagree,Somewhat agree,Neither agree nor disagree,Somewhat agree,Agree,Somewhat agree,Somewhat disagree,Agree,6,4,6,7 | Extremely,7 | Extremely,6,6,4,5,3,4,3,Somewhat agree,Somewhat agree,Somewhat agree,Agree,Strongly agree,Agree,Agree,Agree,Agree,Somewhat agree,Neither agree nor disagree,Somewhat agree,A personal assistant,Somewhat agree,Agree,Somewhat disagree,,I occasionally use AI tools,35,450,450,75,14,150,225,150,225,223,225,91,225,You,Robot,28,Male
anonymous,EN,TURTLE + Customizable,48,Agree,Agree,Neither agree nor disagree,Somewhat agree,Somewhat agree,Strongly agree,Neither agree nor disagree,Strongly agree,Strongly disagree,Strongly disagree,Disagree,Agree,Somewhat disagree,Strongly disagree,Strongly disagree,Strongly disagree,Somewhat agree,Somewhat disagree,Neither agree nor disagree,Somewhat agree,Strongly agree,Strongly agree,Neither agree nor disagree,Somewhat disagree,Somewhat agree,Neither agree nor disagree,Neither agree nor disagree,Somewhat agree,Agree,Agree,Disagree,Somewhat disagree,2,Disagree,Somewhat agree,Agree,Somewhat agree,Somewhat agree,Agree,Somewhat agree,Somewhat agree,Somewhat agree,Strongly agree,Agree,Agree,5,4,5,6,5,3,4,2,5,2,5,4,Agree,Strongly agree,Somewhat agree,Strongly agree,Agree,Agree,Somewhat agree,Neither agree nor disagree,Somewhat agree,Somewhat agree,Somewhat disagree,Neither agree nor disagree,A personal assistant,Somewhat agree,Neither agree nor disagree,Somewhat agree,6,,70,450,450,75,14,150,225,150,225,216,217,313,214,You,Robot,25,Male
anonymous,EN,NAO,49,Neither agree nor disagree,Somewhat agree,Agree,Somewhat agree,Somewhat agree,Agree,Agree,Strongly agree,Strongly disagree,Neither agree nor disagree,Strongly disagree,Neither agree nor disagree,Disagree,Neither agree nor disagree,Strongly disagree,Strongly disagree,Somewhat disagree,Somewhat agree,Neither agree nor disagree,Strongly disagree,Neither agree nor disagree,Somewhat agree,Agree,Somewhat disagree,Somewhat agree,Neither agree nor disagree,Somewhat disagree,Somewhat disagree,Somewhat agree,Agree,Somewhat agree,Neither agree nor disagree,5,Somewhat agree,Somewhat disagree,Somewhat agree,Agree,Neither agree nor disagree,Somewhat disagree,Neither agree nor disagree,Neither agree nor disagree,Somewhat agree,Somewhat agree,Somewhat agree,Agree,5,4,5,4,5,5,3,2,3,2,5,2,Somewhat agree,Agree,Somewhat disagree,Somewhat agree,Somewhat agree,Somewhat agree,Somewhat agree,Somewhat disagree,Somewhat agree,Somewhat agree,Somewhat agree,Agree,A friendly gadget,Disagree,Somewhat disagree,Neither agree nor disagree,,I experiment with different AI tools and rely on different tools for different use cases,37,450,450,75,14,150,225,150,225,223,225,332,225,You,Robot,50,Male
anonymous,EN,NAO + Customizable,50,Agree,Strongly agree,Agree,Strongly agree,Agree,Agree,Strongly agree,Strongly agree,Disagree,Somewhat disagree,Strongly disagree,Somewhat agree,Disagree,Strongly disagree,Agree,Somewhat disagree,Disagree,Strongly agree,Strongly disagree,Somewhat disagree,Somewhat disagree,Agree,Somewhat agree,Disagree,Somewhat disagree,Neither agree nor disagree,Neither agree nor disagree,Strongly disagree,Strongly agree,Neither agree nor disagree,Somewhat agree,Agree,4,Agree,Neither agree nor disagree,Somewhat agree,Somewhat disagree,Agree,Neither agree nor disagree,Neither agree nor disagree,Strongly agree,Somewhat agree,Agree,Disagree,Somewhat agree,6,5,7 | Extremely,6,4,7 | Extremely,5,2,6,5,6,2,Agree,Agree,Strongly agree,Strongly agree,Strongly agree,Agree,Somewhat agree,Somewhat agree,Strongly agree,Agree,Somewhat agree,Agree,A friendly gadget,Somewhat agree,Strongly agree,Agree,4,,20,450,450,75,14,150,225,150,225,238,234,228,82,You,Robot,27,Female
anonymous,EN,NAO + Customizable,51,Agree,Agree,Somewhat disagree,Strongly agree,Agree,Strongly agree,Agree,Strongly agree,Strongly disagree,Strongly disagree,Strongly disagree,Somewhat agree,Disagree,Strongly disagree,Disagree,Strongly disagree,Disagree,Disagree,Neither agree nor disagree,Disagree,Neither agree nor disagree,Strongly agree,Agree,Agree,Strongly agree,Disagree,Disagree,Disagree,Strongly agree,Strongly agree,Agree,Strongly agree,5,Agree,Agree,Agree,Somewhat agree,Somewhat agree,Agree,Neither agree nor disagree,Agree,Strongly agree,Strongly agree,Somewhat agree,Strongly agree,6,7 | Extremely,7 | Extremely,6,7 | Extremely,7 | Extremely,4,1 | Not at all,7 | Extremely,4,3,2,Strongly agree,Strongly agree,Somewhat agree,Strongly agree,Strongly agree,Strongly agree,Somewhat agree,Neither agree nor disagree,Agree,Somewhat disagree,Somewhat agree,Somewhat disagree,A personal assistant,Neither agree nor disagree,Neither agree nor disagree,Neither agree nor disagree,4,,61,450,450,75,14,150,225,150,225,143,234,224,256,You,Robot,25,Female
anonymous,EN,NAO,52,Agree,Disagree,Disagree,Strongly agree,Somewhat agree,Somewhat disagree,Somewhat agree,Somewhat disagree,Strongly disagree,Strongly disagree,Strongly disagree,Strongly disagree,Strongly disagree,Neither agree nor disagree,Strongly disagree,Strongly disagree,Strongly disagree,Strongly disagree,Strongly disagree,Neither agree nor disagree,Strongly disagree,Disagree,Strongly agree,Neither agree nor disagree,Disagree,Strongly disagree,Strongly disagree,Strongly disagree,Agree,Strongly agree,Strongly disagree,Somewhat agree,1,Strongly disagree,Strongly disagree,Disagree,Disagree,Disagree,Somewhat disagree,Strongly disagree,Somewhat agree,Somewhat disagree,Disagree,Somewhat disagree,Somewhat agree,4,1 | Not at all,7 | Extremely,2,4,6,1 | Not at all,1 | Not at all,5,1 | Not at all,1 | Not at all,1 | Not at all,Agree,Disagree,Neither agree nor disagree,Somewhat agree,Somewhat disagree,Somewhat agree,Somewhat agree,Somewhat disagree,Somewhat agree,Somewhat disagree,Strongly disagree,Strongly disagree,A friendly gadget,Somewhat disagree,Neither agree nor disagree,Strongly disagree,,I am or have been involved in building AI tools,10,450,450,75,14,150,225,150,225,1,225,451,225,You,Robot,29,Other
anonymous,EN,NAO + Customizable,53,Strongly agree,Strongly agree,Strongly agree,Strongly agree,Strongly agree,Strongly agree,Strongly agree,Strongly agree,Agree,Neither agree nor disagree,Somewhat agree,Agree,Agree,Neither agree nor disagree,Somewhat agree,Agree,Agree,Agree,Neither agree nor disagree,Neither agree nor disagree,Agree,Strongly agree,Neither agree nor disagree,Strongly agree,Somewhat agree,Neither agree nor disagree,Strongly agree,Neither agree nor disagree,Agree,Strongly agree,Neither agree nor disagree,Neither agree nor disagree,4,Agree,Agree,Agree,Agree,Agree,Agree,Agree,Strongly agree,Agree,Agree,Agree,Strongly agree,5,5,5,6,5,5,6,5,7 | Extremely,5,5,5,Agree,Strongly agree,Strongly agree,Somewhat agree,Neither agree nor disagree,Agree,Neither agree nor disagree,Agree,Somewhat agree,Somewhat agree,Agree,Somewhat agree,A personal assistant,Neither agree nor disagree,Somewhat agree,Agree,2,,21,450,450,75,14,150,225,150,225,314,225,230,225,You,Robot,70,Male
anonymous,EN,TURTLE,54,Strongly agree,Strongly agree,Neither agree nor disagree,Strongly agree,Somewhat agree,Strongly agree,Somewhat agree,Strongly agree,Strongly disagree,Strongly disagree,Strongly disagree,Strongly disagree,Strongly disagree,Strongly disagree,Somewhat agree,Strongly disagree,Strongly agree,Neither agree nor disagree,Disagree,Disagree,Disagree,Strongly agree,Agree,Somewhat agree,Neither agree nor disagree,Strongly agree,Agree,Strongly agree,Agree,Strongly agree,Strongly agree,Strongly agree,1,Strongly agree,Strongly agree,Strongly agree,Strongly agree,Somewhat agree,Agree,Neither agree nor disagree,Agree,Somewhat disagree,Neither agree nor disagree,Disagree,Agree,5,5,7 | Extremely,5,7 | Extremely,7 | Extremely,7 | Extremely,6,7 | Extremely,5,1 | Not at all,2,Somewhat agree,Somewhat agree,Agree,Strongly agree,Strongly agree,Agree,Neither agree nor disagree,Neither agree nor disagree,Neither agree nor disagree,Somewhat agree,Strongly agree,Somewhat agree,A friendly gadget,Somewhat agree,Somewhat disagree,Somewhat agree,,I occasionally use AI tools,0,450,450,75,14,150,225,150,225,227,225,250,225,You,Robot,34,Female
anonymous,EN,TURTLE,55,Agree,Agree,Neither agree nor disagree,Strongly agree,Agree,Agree,Somewhat agree,Agree,Strongly disagree,Strongly disagree,Strongly disagree,Strongly disagree,Strongly disagree,Strongly disagree,Strongly disagree,Strongly disagree,Strongly disagree,Strongly disagree,Strongly disagree,Strongly disagree,Somewhat disagree,Agree,Somewhat agree,Strongly disagree,Agree,Somewhat disagree,Disagree,Somewhat disagree,Disagree,Agree,Disagree,Disagree,1,Disagree,Disagree,Disagree,Neither agree nor disagree,Neither agree nor disagree,Neither agree nor disagree,Neither agree nor disagree,Strongly agree,Neither agree nor disagree,Neither agree nor disagree,Disagree,Somewhat agree,5,4,6,5,6,5,1 | Not at all,1 | Not at all,6,2,4,1 | Not at all,Somewhat disagree,Strongly disagree,Somewhat disagree,Strongly disagree,Strongly disagree,Agree,Strongly disagree,Strongly disagree,Strongly disagree,Somewhat disagree,Neither agree nor disagree,Neither agree nor disagree,A friendly gadget,Disagree,Strongly disagree,Disagree,,I know of the existence of AI tools but never used before,0,450,450,75,14,150,225,150,225,136,225,225,225,You,Robot,42,Female
anonymous,EN,TURTLE + Customizable,56,Strongly agree,Strongly agree,Strongly agree,Strongly agree,Strongly agree,Strongly agree,Strongly agree,Strongly agree,Strongly disagree,Strongly disagree,Disagree,Somewhat disagree,Strongly agree,Strongly disagree,Somewhat agree,Agree,Strongly agree,Strongly agree,Strongly agree,Agree,Strongly agree,Strongly agree,Strongly agree,Agree,Strongly agree,Strongly agree,Strongly agree,Strongly agree,Neither agree nor disagree,Strongly agree,Neither agree nor disagree,Neither agree nor disagree,1,Neither agree nor disagree,Neither agree nor disagree,Neither agree nor disagree,Neither agree nor disagree,Strongly agree,Strongly agree,Strongly agree,Strongly agree,Strongly agree,Strongly agree,Strongly agree,Strongly agree,7 | Extremely,7 | Extremely,7 | Extremely,7 | Extremely,7 | Extremely,7 | Extremely,7 | Extremely,7 | Extremely,7 | Extremely,7 | Extremely,7 | Extremely,7 | Extremely,Somewhat agree,Somewhat agree,Somewhat agree,Neither agree nor disagree,Somewhat disagree,Somewhat agree,Somewhat disagree,Neither agree nor disagree,Somewhat agree,Neither agree nor disagree,Agree,Neither agree nor disagree,A friendly gadget,Strongly disagree,Somewhat agree,Disagree,4,,40,450,450,75,14,150,225,150,225,103,323,264,265,You,Robot,37,Female
anonymous,EN,TURTLE,57,Somewhat disagree,Somewhat agree,Somewhat disagree,Strongly agree,Neither agree nor disagree,Somewhat agree,Disagree,Somewhat agree,Somewhat disagree,Strongly disagree,Disagree,Neither agree nor disagree,Neither agree nor disagree,Strongly disagree,Strongly disagree,Strongly disagree,Somewhat disagree,Disagree,Strongly disagree,Strongly disagree,Disagree,Somewhat agree,Agree,Disagree,Somewhat agree,Somewhat disagree,Strongly disagree,Disagree,Somewhat agree,Somewhat agree,Somewhat agree,Neither agree nor disagree,2,Neither agree nor disagree,Neither agree nor disagree,Somewhat agree,Somewhat agree,Neither agree nor disagree,Somewhat agree,Disagree,Strongly agree,Somewhat disagree,Neither agree nor disagree,Disagree,Somewhat agree,6,7 | Extremely,5,6,6,7 | Extremely,3,1 | Not at all,3,1 | Not at all,2,1 | Not at all,Agree,Agree,Agree,Somewhat agree,Somewhat disagree,Agree,Neither agree nor disagree,Neither agree nor disagree,Somewhat agree,Somewhat agree,Disagree,Somewhat agree,A friendly gadget,Disagree,Agree,Disagree,,I experiment with different AI tools and rely on different tools for different use cases,0,450,450,75,14,150,225,150,225,152,291,263,260,You,Robot,28,Male
anonymous,EN,TURTLE + Customizable,58,Strongly agree,Strongly agree,Strongly agree,Strongly agree,Strongly agree,Strongly agree,Strongly agree,Strongly agree,Strongly disagree,Strongly disagree,Strongly disagree,Strongly disagree,Strongly disagree,Strongly disagree,Strongly disagree,Strongly disagree,Somewhat agree,Neither agree nor disagree,Neither agree nor disagree,Strongly disagree,Neither agree nor disagree,Strongly agree,Strongly agree,Strongly agree,Strongly agree,Agree,Strongly agree,Strongly agree,Neither agree nor disagree,Strongly agree,Neither agree nor disagree,Neither agree nor disagree,1,Disagree,Neither agree nor disagree,Neither agree nor disagree,Neither agree nor disagree,Strongly agree,Strongly agree,Strongly agree,Strongly agree,Strongly agree,Strongly agree,Strongly agree,Strongly agree,7 | Extremely,7 | Extremely,7 | Extremely,7 | Extremely,7 | Extremely,7 | Extremely,7 | Extremely,7 | Extremely,7 | Extremely,7 | Extremely,7 | Extremely,7 | Extremely,Strongly agree,Strongly agree,Strongly agree,Strongly agree,Strongly agree,Strongly agree,Strongly agree,Strongly agree,Strongly agree,Strongly agree,Strongly agree,Strongly agree,A member of the household,Strongly agree,Strongly agree,Strongly agree,1,,2,450,450,75,14,150,225,150,225,225,225,226,225,You,Robot,49,Female
anonymous,EN,TURTLE + Customizable,59,Agree,Strongly agree,Agree,Agree,Somewhat agree,Agree,Neither agree nor disagree,Agree,Strongly disagree,Strongly disagree,Strongly disagree,Strongly disagree,Strongly disagree,Strongly disagree,Disagree,Somewhat disagree,Strongly disagree,Neither agree nor disagree,Strongly disagree,Strongly disagree,Disagree,Strongly agree,Agree,Somewhat agree,Somewhat agree,Neither agree nor disagree,Somewhat agree,Somewhat agree,Neither agree nor disagree,Agree,Neither agree nor disagree,Somewhat disagree,1,Disagree,Disagree,Disagree,Somewhat agree,Somewhat agree,Strongly agree,Agree,Agree,Agree,Agree,Somewhat agree,Strongly agree,5,6,7 | Extremely,5,5,6,6,6,6,3,6,4,Agree,Somewhat agree,Somewhat agree,Somewhat agree,Agree,Agree,,,,Somewhat agree,Agree,Somewhat agree,A personal assistant,Somewhat disagree,Agree,Somewhat agree,2,,45,450,450,75,14,150,225,150,225,345,225,221,225,You,Robot,30,Male
anonymous,EN,TURTLE + Customizable,60,Somewhat agree,Strongly agree,Agree,Strongly agree,Agree,Strongly agree,Somewhat disagree,Agree,Strongly disagree,Strongly disagree,Strongly disagree,Strongly disagree,Strongly disagree,Strongly disagree,Strongly disagree,Strongly disagree,Strongly disagree,Disagree,Disagree,Strongly disagree,Somewhat disagree,Agree,Somewhat agree,Somewhat agree,Neither agree nor disagree,Somewhat agree,Somewhat agree,Disagree,Disagree,Agree,Somewhat disagree,Somewhat disagree,1,Disagree,Disagree,Neither agree nor disagree,Neither agree nor disagree,Agree,Strongly agree,Strongly agree,Strongly agree,Strongly agree,Agree,Somewhat disagree,Strongly agree,7 | Extremely,4,7 | Extremely,7 | Extremely,7 | Extremely,7 | Extremely,4,4,6,2,5,3,Strongly agree,Strongly agree,Strongly agree,Strongly agree,Strongly agree,Strongly agree,Strongly agree,Strongly agree,Strongly agree,Agree,Somewhat agree,Neither agree nor disagree,A personal assistant,Somewhat disagree,Agree,Agree,2,,10,450,450,75,14,150,225,150,225,213,225,225,225,You,Robot,40,Male
anonymous,EN,TURTLE,61,Somewhat disagree,Agree,Somewhat agree,Strongly agree,Somewhat agree,Agree,Somewhat agree,Strongly agree,Strongly disagree,Strongly disagree,Disagree,Strongly disagree,Disagree,Strongly disagree,Somewhat disagree,Neither agree nor disagree,Agree,Neither agree nor disagree,Neither agree nor disagree,Somewhat agree,Strongly disagree,Agree,Strongly agree,Strongly agree,Agree,Somewhat agree,Somewhat agree,Somewhat agree,Strongly agree,Strongly agree,Agree,Somewhat agree,2,Agree,Agree,Somewhat agree,Strongly agree,Somewhat agree,Strongly agree,Strongly agree,Strongly agree,Agree,Disagree,Agree,Strongly agree,3,6,3,2,1 | Not at all,2,4,2,7 | Extremely,2,7 | Extremely,1 | Not at all,Neither agree nor disagree,Disagree,Agree,Somewhat agree,Strongly disagree,Somewhat agree,Disagree,Disagree,Disagree,Neither agree nor disagree,Agree,Agree,A friendly gadget,Disagree,Somewhat disagree,Strongly disagree,,I frequently use AI tools,61,450,450,75,14,150,225,150,225,136,225,160,225,You,Robot,25,Female
anonymous,EN,TURTLE + Customizable,62,Agree,Strongly agree,Agree,Agree,Strongly agree,Strongly agree,Strongly agree,Agree,Strongly disagree,Strongly disagree,Strongly disagree,Strongly disagree,Somewhat disagree,Strongly disagree,Disagree,Disagree,Strongly disagree,Somewhat disagree,Neither agree nor disagree,Somewhat disagree,Disagree,Agree,Agree,Somewhat disagree,Somewhat agree,Somewhat disagree,Somewhat agree,Strongly agree,Neither agree nor disagree,Strongly agree,Somewhat agree,Neither agree nor disagree,1,Neither agree nor disagree,Neither agree nor disagree,Somewhat agree,Agree,Strongly agree,Strongly agree,Agree,Strongly agree,Strongly agree,Strongly agree,Strongly agree,Strongly agree,6,6,7 | Extremely,7 | Extremely,7 | Extremely,6,7 | Extremely,7 | Extremely,6,6,6,6,Strongly agree,Strongly agree,Strongly agree,Strongly agree,Strongly agree,Strongly agree,Strongly agree,Strongly agree,Strongly agree,Strongly agree,Strongly agree,Agree,A personal assistant,Neither agree nor disagree,Agree,Strongly agree,1,,9,450,450,75,14,150,225,150,225,173,225,191,225,You,Robot,47,Female
anonymous,EN,TURTLE,63,Agree,Agree,Agree,Agree,Agree,Agree,Agree,Agree,Strongly disagree,Strongly disagree,Strongly disagree,Somewhat agree,Disagree,Strongly disagree,Neither agree nor disagree,Neither agree nor disagree,Neither agree nor disagree,Somewhat disagree,Neither agree nor disagree,Disagree,Somewhat disagree,Somewhat agree,Agree,Somewhat disagree,Agree,Somewhat agree,Somewhat agree,Somewhat disagree,Somewhat agree,Agree,Somewhat agree,Somewhat agree,3,Neither agree nor disagree,Somewhat disagree,Somewhat agree,Neither agree nor disagree,Neither agree nor disagree,Agree,Somewhat agree,Somewhat agree,Somewhat agree,Somewhat agree,Somewhat agree,Somewhat agree,5,6,6,5,5,5,4,4,4,4,4,2,Somewhat agree,Somewhat agree,Neither agree nor disagree,Somewhat agree,Somewhat agree,Agree,Somewhat agree,Somewhat agree,Somewhat agree,Somewhat agree,Somewhat agree,Neither agree nor disagree,A personal assistant,Somewhat disagree,Somewhat disagree,Agree,,I experiment with different AI tools and rely on different tools for different use cases,67,450,450,75,14,150,225,150,225,314,225,272,225,You,Robot,36,Female
anonymous,EN,TURTLE + Customizable,64,Agree,Strongly agree,Agree,Strongly agree,Agree,Strongly agree,Somewhat disagree,Strongly agree,Strongly agree,Strongly disagree,Strongly disagree,Somewhat disagree,Strongly disagree,Strongly disagree,Strongly disagree,Strongly disagree,Neither agree nor disagree,Strongly disagree,Disagree,Strongly disagree,Disagree,Strongly agree,Strongly agree,Strongly disagree,Disagree,Neither agree nor disagree,Somewhat agree,Agree,Strongly agree,Strongly agree,Strongly agree,Agree,1,Somewhat agree,Somewhat disagree,Agree,Somewhat disagree,Somewhat agree,Strongly agree,Somewhat agree,Strongly agree,Agree,Strongly agree,Disagree,Strongly agree,5,6,5,5,6,6,1 | Not at all,1 | Not at all,3,1 | Not at all,1 | Not at all,2,Somewhat agree,Agree,Agree,Neither agree nor disagree,Somewhat disagree,Somewhat agree,Somewhat disagree,Somewhat disagree,Disagree,Somewhat disagree,Neither agree nor disagree,Disagree,A personal assistant,Somewhat disagree,Somewhat agree,Strongly disagree,3,,85,450,450,75,14,150,225,150,225,329,225,154,225,You,Robot,25,Male
anonymous,EN,NAO + Customizable,65,Somewhat agree,Agree,Strongly agree,Strongly agree,Somewhat agree,Strongly agree,Agree,Strongly agree,Somewhat agree,Agree,Somewhat agree,Agree,Somewhat agree,Somewhat agree,Strongly disagree,Strongly disagree,Disagree,Disagree,Disagree,Strongly disagree,Disagree,Somewhat agree,Somewhat agree,Strongly disagree,Somewhat agree,Neither agree nor disagree,Somewhat disagree,Somewhat disagree,Disagree,Agree,Disagree,Somewhat disagree,1,Disagree,Strongly disagree,Strongly disagree,Somewhat disagree,Agree,Agree,Strongly agree,Strongly agree,Strongly agree,Strongly agree,Strongly agree,Strongly agree,7 | Extremely,7 | Extremely,5,6,6,7 | Extremely,7 | Extremely,3,6,2,6,6,Agree,Agree,Agree,Somewhat agree,Somewhat agree,Strongly agree,Neither agree nor disagree,Neither agree nor disagree,Somewhat agree,Agree,Agree,Agree,A personal assistant,Somewhat disagree,Somewhat disagree,Somewhat disagree,2,,5,450,450,75,14,150,225,150,225,121,225,224,225,You,Robot,25,Female
anonymous,EN,NAO + Customizable,66,Strongly agree,Agree,Agree,Strongly agree,Agree,Agree,Somewhat agree,Strongly agree,Strongly disagree,Agree,Disagree,Somewhat disagree,Somewhat disagree,Strongly disagree,Strongly disagree,Strongly disagree,Neither agree nor disagree,Strongly disagree,Strongly disagree,Strongly disagree,Somewhat disagree,Agree,Agree,Disagree,Agree,Disagree,Strongly disagree,Disagree,Somewhat agree,Agree,Neither agree nor disagree,Agree,2,Somewhat agree,Neither agree nor disagree,Disagree,Agree,Agree,Strongly agree,Disagree,Agree,Agree,Agree,Somewhat disagree,Agree,6,5,7 | Extremely,7 | Extremely,6,7 | Extremely,4,1 | Not at all,5,4,1 | Not at all,1 | Not at all,Strongly agree,Strongly agree,Agree,Strongly agree,Strongly agree,Strongly agree,Agree,Agree,Strongly agree,Somewhat agree,Strongly disagree,Strongly disagree,A friendly gadget,Somewhat agree,Strongly agree,Disagree,1,,2,450,450,75,14,150,225,150,225,170,225,159,225,You,Robot,62,Female
anonymous,EN,NAO,67,Strongly agree,Strongly agree,Agree,Agree,Agree,Strongly agree,Somewhat agree,Strongly agree,Agree,Strongly agree,Strongly agree,Agree,Strongly agree,Strongly agree,Strongly agree,Agree,Strongly agree,Strongly agree,Strongly agree,Strongly agree,Somewhat agree,Strongly agree,Strongly agree,Strongly agree,Strongly agree,Agree,Strongly agree,Strongly agree,Strongly agree,Strongly agree,Strongly agree,Strongly agree,7,Strongly agree,Strongly agree,Strongly agree,Strongly agree,Strongly agree,Agree,Strongly agree,Strongly agree,Strongly agree,Agree,Agree,Strongly agree,6,6,7 | Extremely,6,6,7 | Extremely,6,6,6,3,6,6,Strongly agree,Strongly agree,Strongly agree,Strongly agree,Strongly agree,Agree,Strongly agree,Strongly agree,Strongly agree,Agree,Agree,Strongly agree,A personal assistant,Strongly agree,Strongly agree,Agree,,I occasionally use AI tools,12,450,450,75,14,150,225,150,225,159,221,220,220,You,Robot,56,Male
anonymous,EN,NAO,68,Somewhat agree,Strongly agree,Strongly agree,Strongly agree,Agree,Strongly agree,Agree,Agree,Somewhat agree,Agree,Somewhat agree,Agree,Somewhat agree,Agree,Agree,Agree,Strongly agree,Strongly agree,Agree,Agree,Strongly agree,Strongly agree,Strongly agree,Somewhat agree,Strongly agree,Agree,Strongly agree,Strongly agree,Strongly agree,Strongly agree,Strongly agree,Strongly agree,5,Strongly agree,Strongly agree,Strongly agree,Agree,Agree,Agree,Strongly agree,Strongly agree,Somewhat agree,Strongly agree,Somewhat agree,Agree,6,5,6,6,5,6,6,5,6,6,5,4,Agree,Strongly agree,Strongly agree,Strongly agree,Strongly agree,Agree,Somewhat disagree,Agree,Somewhat agree,Somewhat agree,Agree,Agree,A friendly gadget,Somewhat agree,Neither agree nor disagree,Somewhat agree,,I frequently use AI tools,10,450,450,75,14,150,225,150,225,311,225,214,225,You,Robot,24,Female
anonymous,EN,NAO + Customizable,69,Agree,Strongly agree,Strongly agree,Strongly agree,Strongly agree,Strongly agree,Agree,Strongly agree,Neither agree nor disagree,Agree,Neither agree nor disagree,Agree,Somewhat agree,Somewhat disagree,Strongly disagree,Strongly disagree,Disagree,Disagree,Strongly disagree,Strongly disagree,Somewhat disagree,Somewhat agree,Agree,Agree,Somewhat disagree,Somewhat agree,Somewhat disagree,Somewhat agree,Disagree,Somewhat disagree,Disagree,Strongly disagree,2,Strongly disagree,Strongly disagree,Strongly disagree,Neither agree nor disagree,Agree,Strongly agree,Somewhat agree,Strongly agree,Somewhat agree,Strongly agree,Agree,Strongly agree,6,5,5,4,7 | Extremely,7 | Extremely,4,4,4,2,4,5,Agree,Strongly agree,Agree,Somewhat agree,Disagree,Agree,Somewhat disagree,Somewhat disagree,Agree,Somewhat agree,Somewhat agree,Agree,A friendly gadget,Neither agree nor disagree,Somewhat disagree,Somewhat disagree,1,,53,450,450,75,14,150,225,150,225,165,225,132,225,You,Robot,26,Female
anonymous,EN,NAO,70,Somewhat agree,Agree,Somewhat agree,Strongly agree,Agree,Agree,Somewhat disagree,Agree,Somewhat disagree,Somewhat agree,Disagree,Somewhat disagree,Neither agree nor disagree,Somewhat disagree,Neither agree nor disagree,Neither agree nor disagree,Neither agree nor disagree,Somewhat agree,Neither agree nor disagree,Somewhat disagree,Somewhat disagree,Strongly agree,Strongly agree,Neither agree nor disagree,Agree,Neither agree nor disagree,Somewhat agree,Somewhat agree,Strongly agree,Agree,Neither agree nor disagree,Agree,3,Strongly agree,Neither agree nor disagree,Neither agree nor disagree,Strongly agree,Neither agree nor disagree,Agree,Somewhat agree,Strongly agree,Neither agree nor disagree,Somewhat agree,Strongly disagree,Somewhat agree,4,4,2,3,4,5,4,3,4,2,3,3,Somewhat disagree,Somewhat agree,Neither agree nor disagree,Somewhat agree,Agree,Somewhat agree,Neither agree nor disagree,Neither agree nor disagree,Somewhat agree,Neither agree nor disagree,Somewhat agree,Neither agree nor disagree,A friendly gadget,Somewhat disagree,Somewhat agree,Strongly disagree,,I experiment with different AI tools and rely on different tools for different use cases,9,450,450,75,14,150,225,150,225,141,225,131,225,You,Robot,59,Male
anonymous,EN,NAO + Customizable,71,Disagree,Agree,Somewhat disagree,Somewhat agree,Somewhat agree,Somewhat agree,Disagree,Somewhat disagree,Strongly disagree,Somewhat agree,Disagree,Disagree,Strongly disagree,Strongly disagree,Strongly disagree,Strongly disagree,Disagree,Strongly disagree,Strongly disagree,Strongly disagree,Disagree,Somewhat agree,Somewhat agree,Somewhat disagree,Somewhat agree,Disagree,Somewhat disagree,Disagree,Somewhat agree,Somewhat agree,Neither agree nor disagree,Somewhat agree,2,Disagree,Strongly disagree,Somewhat agree,Strongly disagree,Disagree,Somewhat agree,Disagree,Somewhat agree,Somewhat disagree,Somewhat agree,Somewhat disagree,Somewhat agree,3,5,5,3,5,5,4,2,3,1 | Not at all,3,2,Somewhat agree,Somewhat disagree,Disagree,Somewhat agree,Somewhat agree,Somewhat agree,Strongly disagree,Strongly disagree,Somewhat disagree,Strongly disagree,Strongly disagree,Strongly disagree,A friendly gadget,Strongly disagree,Strongly disagree,Disagree,7,,0,450,450,75,14,150,225,150,225,61,412,69,404,You,Robot,19,Female
anonymous,EN,NAO,72,Disagree,Neither agree nor disagree,Somewhat disagree,Somewhat agree,Disagree,Somewhat agree,Somewhat disagree,Somewhat agree,Somewhat disagree,Agree,Neither agree nor disagree,Somewhat disagree,Somewhat disagree,Strongly disagree,Disagree,Neither agree nor disagree,Agree,Agree,Neither agree nor disagree,Neither agree nor disagree,Neither agree nor disagree,Strongly agree,Agree,Somewhat agree,Agree,Agree,Somewhat agree,Somewhat agree,Strongly agree,Agree,Neither agree nor disagree,Neither agree nor disagree,4,Strongly agree,Neither agree nor disagree,Somewhat agree,Neither agree nor disagree,Somewhat disagree,Neither agree nor disagree,Disagree,Neither agree nor disagree,Somewhat agree,Somewhat agree,Somewhat disagree,Agree,5,7 | Extremely,5,6,5,5,2,1 | Not at all,2,1 | Not at all,1 | Not at all,1 | Not at all,Somewhat disagree,Disagree,Disagree,Disagree,Disagree,Somewhat agree,Strongly disagree,Strongly disagree,Disagree,Somewhat disagree,Disagree,Disagree,A borrowed appliance,Strongly disagree,Strongly disagree,Disagree,,I frequently use AI tools,8,450,450,75,14,150,225,150,225,271,225,108,225,You,Robot,27,Female
anonymous,EN,NAO + Customizable,73,Somewhat agree,Strongly agree,Agree,Strongly agree,Strongly agree,Strongly agree,Strongly agree,Strongly agree,Strongly disagree,Somewhat agree,Strongly disagree,Disagree,Strongly disagree,Strongly disagree,Strongly disagree,Strongly disagree,Strongly disagree,Strongly disagree,Strongly disagree,Strongly disagree,Neither agree nor disagree,Somewhat agree,Somewhat agree,Strongly disagree,Neither agree nor disagree,Neither agree nor disagree,Disagree,Strongly disagree,Somewhat disagree,Somewhat agree,Strongly disagree,Strongly disagree,1,Strongly disagree,Strongly disagree,Somewhat disagree,Neither agree nor disagree,Strongly agree,Strongly agree,Strongly agree,Strongly agree,Agree,Strongly agree,Agree,Agree,7 | Extremely,7 | Extremely,7 | Extremely,7 | Extremely,7 | Extremely,7 | Extremely,7 | Extremely,7 | Extremely,7 | Extremely,7 | Extremely,7 | Extremely,7 | Extremely,Strongly agree,Strongly agree,Strongly agree,Strongly agree,Strongly agree,Strongly agree,Agree,Strongly agree,Strongly agree,Strongly agree,Strongly agree,Strongly agree,A personal assistant,Agree,Strongly agree,Strongly agree,2,,100,450,450,75,14,150,225,150,225,217,216,224,229,You,Robot,18,Other
anonymous,EN,NAO,74,Agree,Strongly agree,Strongly agree,Strongly agree,Strongly agree,Strongly agree,Strongly agree,Strongly agree,Somewhat agree,Strongly agree,Strongly agree,Strongly agree,Somewhat agree,Neither agree nor disagree,Strongly agree,Strongly agree,Strongly agree,Strongly agree,Strongly agree,Strongly agree,Strongly agree,Strongly agree,Strongly agree,Strongly agree,Strongly agree,Strongly agree,Strongly agree,Strongly agree,Strongly agree,Strongly agree,Strongly agree,Strongly agree,6,Strongly agree,Strongly agree,Strongly agree,Strongly agree,Strongly agree,Strongly agree,Strongly agree,Strongly agree,Strongly agree,Strongly agree,Strongly agree,Strongly agree,7 | Extremely,7 | Extremely,7 | Extremely,7 | Extremely,7 | Extremely,7 | Extremely,7 | Extremely,7 | Extremely,7 | Extremely,7 | Extremely,7 | Extremely,7 | Extremely,Strongly agree,Strongly agree,Strongly agree,Strongly agree,Strongly agree,Strongly agree,Strongly agree,Strongly agree,Strongly agree,Strongly agree,Strongly agree,Strongly agree,A companion,Strongly agree,Strongly agree,Strongly agree,,I frequently use AI tools,10,450,450,75,14,150,225,150,225,210,225,226,225,You,Robot,20,Female
anonymous,EN,TURTLE,75,Disagree,Somewhat agree,Disagree,Somewhat agree,Neither agree nor disagree,Somewhat agree,Disagree,Agree,Strongly disagree,Strongly disagree,Strongly disagree,Strongly disagree,Strongly disagree,Strongly disagree,Strongly disagree,Strongly disagree,Strongly disagree,Strongly disagree,Strongly disagree,Strongly disagree,Somewhat disagree,Somewhat disagree,Somewhat disagree,Somewhat disagree,Disagree,Strongly disagree,Strongly disagree,Strongly disagree,Strongly disagree,Somewhat disagree,Strongly disagree,Strongly disagree,1,Strongly agree,Somewhat disagree,Agree,Agree,Strongly disagree,Somewhat disagree,Disagree,Somewhat disagree,Disagree,Strongly disagree,Strongly disagree,Strongly disagree,5,6,6,7 | Extremely,5,5,2,1 | Not at all,6,1 | Not at all,4,1 | Not at all,Agree,Somewhat disagree,Somewhat agree,Somewhat disagree,Somewhat agree,Agree,Disagree,Somewhat disagree,Agree,Somewhat agree,Disagree,Disagree,A borrowed appliance,Somewhat disagree,Strongly disagree,Strongly disagree,,I frequently use AI tools,15,450,450,75,14,150,225,150,225,108,358,213,212,You,Robot,43,Female
anonymous,EN,TURTLE,76,Somewhat disagree,Agree,Somewhat disagree,Somewhat agree,Neither agree nor disagree,Neither agree nor disagree,Somewhat disagree,Agree,Strongly disagree,Strongly disagree,Strongly disagree,Disagree,Strongly disagree,Strongly disagree,Strongly disagree,Strongly disagree,Strongly disagree,Strongly disagree,Disagree,Strongly disagree,Disagree,Neither agree nor disagree,Strongly disagree,Neither agree nor disagree,Somewhat disagree,Somewhat disagree,Disagree,Strongly disagree,Disagree,Neither agree nor disagree,Strongly disagree,Disagree,1,Neither agree nor disagree,Strongly disagree,Strongly disagree,Somewhat disagree,Disagree,Neither agree nor disagree,Neither agree nor disagree,Somewhat agree,Disagree,Strongly disagree,Disagree,Somewhat agree,6,6,6,6,6,6,6,5,6,5,5,5,Agree,Neither agree nor disagree,Agree,Neither agree nor disagree,Disagree,Strongly agree,Somewhat agree,Somewhat agree,Neither agree nor disagree,Neither agree nor disagree,Neither agree nor disagree,Neither agree nor disagree,A friendly gadget,Somewhat disagree,Somewhat agree,Neither agree nor disagree,,I am or have been involved in building AI tools,81,450,450,75,14,150,225,150,225,93,361,334,217,You,Robot,45,Male
anonymous,EN,TURTLE + Customizable,77,Somewhat agree,Agree,Neither agree nor disagree,Agree,Strongly agree,Agree,Agree,Strongly agree,Strongly disagree,Strongly disagree,Strongly disagree,Strongly disagree,Strongly disagree,Strongly disagree,Strongly disagree,Strongly disagree,Strongly disagree,Strongly disagree,Strongly disagree,Strongly disagree,Somewhat disagree,Agree,Neither agree nor disagree,Somewhat disagree,Somewhat disagree,Somewhat agree,Disagree,Somewhat disagree,Disagree,Somewhat agree,Somewhat disagree,Disagree,1,Somewhat disagree,Somewhat disagree,Disagree,Neither agree nor disagree,Agree,Agree,Agree,Strongly agree,Agree,Strongly agree,Agree,Strongly agree,6,7 | Extremely,2,7 | Extremely,5,6,2,4,2,4,1 | Not at all,1 | Not at all,Somewhat disagree,Somewhat agree,Neither agree nor disagree,Agree,Agree,Agree,Somewhat disagree,Somewhat disagree,Neither agree nor disagree,Agree,Somewhat agree,Strongly agree,A companion,Somewhat agree,Neither agree nor disagree,Agree,2,,100,450,450,75,14,150,225,150,225,227,226,296,225,You,Robot,18,Male
anonymous,EN,TURTLE + Customizable,78,Somewhat agree,Strongly agree,Neither agree nor disagree,Strongly agree,Strongly agree,Agree,Somewhat disagree,Agree,Strongly disagree,Strongly disagree,Strongly disagree,Strongly disagree,Strongly disagree,Strongly disagree,Disagree,Disagree,Neither agree nor disagree,Disagree,Neither agree nor disagree,Neither agree nor disagree,Somewhat disagree,Somewhat agree,Somewhat agree,Neither agree nor disagree,Somewhat agree,Neither agree nor disagree,Somewhat agree,Somewhat agree,Somewhat disagree,Somewhat agree,Neither agree nor disagree,Somewhat disagree,1,Neither agree nor disagree,Somewhat disagree,Neither agree nor disagree,Somewhat disagree,Strongly agree,Somewhat agree,Somewhat agree,Strongly agree,Strongly agree,Agree,Agree,Agree,6,7 | Extremely,7 | Extremely,6,6,6,4,6,5,3,5,3,Somewhat disagree,Agree,Agree,Agree,Strongly agree,Agree,Agree,Agree,Agree,Somewhat disagree,Somewhat disagree,Agree,A friendly gadget,Agree,Somewhat agree,Neither agree nor disagree,1,,100,450,450,75,14,150,225,150,225,312,225,145,225,You,Robot,42,Female
anonymous,EN,TURTLE,79,Agree,Agree,Agree,Agree,Agree,Agree,Somewhat agree,Agree,Strongly disagree,Strongly disagree,Neither agree nor disagree,Somewhat disagree,Disagree,Strongly disagree,Disagree,Neither agree nor disagree,Neither agree nor disagree,Somewhat agree,Neither agree nor disagree,Disagree,Somewhat disagree,Agree,Agree,Disagree,Somewhat agree,Neither agree nor disagree,Somewhat agree,Neither agree nor disagree,Agree,Agree,Agree,Agree,2,Agree,Somewhat agree,Agree,Agree,Somewhat agree,Somewhat agree,Somewhat agree,Somewhat agree,Somewhat agree,Somewhat agree,Somewhat disagree,Somewhat agree,5,5,5,5,5,5,4,4,5,4,5,3,Agree,Agree,Neither agree nor disagree,Agree,Neither agree nor disagree,Agree,Neither agree nor disagree,Neither agree nor disagree,Agree,Agree,Agree,Agree,A friendly gadget,Somewhat disagree,Somewhat disagree,Neither agree nor disagree,,I occasionally use AI tools,0,450,450,75,14,150,225,150,225,260,258,250,250,You,Robot,29,Female